[
    {
        "name": "United States",
        "code": "US",
        "group": "primary",
        "states": "Alabama|Alaska|Arizona|Arkansas|California|Colorado|Connecticut|Delaware|District of Columbia|Florida|Georgia|Hawaii|Idaho|Illinois|Indiana|Iowa|Kansas|Kentucky|Louisiana|Maine|Maryland|Massachusetts|Michigan|Minnesota|Mississippi|Missouri|Montana|Nebraska|Nevada|New Hampshire|New Jersey|New Mexico|New York|North Carolina|North Dakota|Ohio|Oklahoma|Oregon|Pennsylvania|Rhode Island|South Carolina|South Dakota|Tennessee|Texas|Utah|Vermont|Virginia|Washington|West Virginia|Wisconsin|Wyoming"
    },
    {
        "name": "United Kingdom",
        "code": "GB",
        "group": "primary",
        "states": "Anglesey|Barking and Dagenham|Barnet|Barnsley|Bath and North East Somerset|Bedfordshire|Bexley|Birmingham|Blackburn with Darwen|Blackpool|Bolton|Bournemouth|Bracknell Forest|Bradford|Brent|Brighton and Hove|Bromley|Buckinghamshire|Bury|Calderdale|Cambridgeshire|Camden|Cheshire|City of Bristol|City of Kingston upon Hull|City of London|Cornwall|Coventry|Croydon|Cumbria|Darlington|Derby|Derbyshire|Devon|Doncaster|Dorset|Dudley|Durham|Ealing|East Riding of Yorkshire|East Sussex|Enfield|Essex|Gateshead|Gloucestershire|Greenwich|Hackney|Halton|Hammersmith and Fulham|Hampshire|Haringey|Harrow|Hartlepool|Havering|Herefordshire|Hertfordshire|Hillingdon|Hounslow|Isle of Wight|Islington|Kensington and Chelsea|Kent|Kingston upon Thames|Kirklees|Knowsley|Lambeth|Lancashire|Leeds|Leicester|Leicestershire|Lewisham|Lincolnshire|Liverpool|Luton|Manchester|Medway|Merton|Middlesbrough|Milton Keynes|Newcastle upon Tyne|Newham|Norfolk|North East Lincolnshire|North Lincolnshire|North Somerset|North Tyneside|North Yorkshire|Northamptonshire|Northumberland|Nottingham|Nottinghamshire|Oldham|Oxfordshire|Peterborough|Plymouth|Poole|Portsmouth|Reading|Redbridge|Redcar and Cleveland|Richmond upon Thames|Rochdale|Rotherham|Rutland|Salford|Sandwell|Sefton|Sheffield|Shropshire|Slough|Solihull|Somerset|South Gloucestershire|South Tyneside|Southampton|Southend-on-Sea|Southwark|St. Helens|Staffordshire|Stockport|Stockton-on-Tees|Stoke-on-Trent|Suffolk|Sunderland|Surrey|Sutton|Swindon|Tameside|Telford and Wrekin|Thurrock|Torbay|Tower Hamlets|Trafford|Wakefield|Wales|Walsall|Waltham Forest|Wandsworth|Warrington|Warwickshire|West Berkshire|West Sussex|Westminster|Wigan|Wiltshire|Windsor and Maidenhead|Wirral|Wokingham|Wolverhampton|Worcestershire|York"
    },
    {
        "name": "Canada",
        "code": "CA",
        "group": "primary",
        "states": "Alberta|British Columbia|Manitoba|New Brunswick|Newfoundland|Northwest Territories|Nova Scotia|Nunavut|Ontario|Prince Edward Island|Quebec|Saskatchewan|Yukon Territory"
    },
    {
        "name": "Afghanistan",
        "code": "AF",
        "group": "secondary",
        "states": "Badakhshan|Badghis|Baghlan|Balkh|Bamian|Farah|Faryab|Ghazni|Ghowr|Helmand|Herat|Jowzjan|Kabol|Kandahar|Kapisa|Konar|Kondoz|Laghman|Lowgar|Nangarhar|Nimruz|Oruzgan|Paktia|Paktika|Parvan|Samangan|Sar-e Pol|Takhar|Vardak|Zabol"
    },
    {
        "name": "Aland Islands",
        "code": "AX",
        "group": "secondary",
        "states": "Aland Islands"
    },
    {
        "name": "Albania",
        "code": "AL",
        "group": "secondary",
        "states": "Berat|Bulqize|Delvine|Devoll (Bilisht)|Diber (Peshkopi)|Durres|Elbasan|Fier|Gjirokaster|Gramsh|Has (Krume)|Kavaje|Kolonje (Erseke)|Korce|Kruje|Kucove|Kukes|Kurbin|Lezhe|Librazhd|Lushnje|Malesi e Madhe (Koplik)|Mallakaster (Ballsh)|Mat (Burrel)|Mirdite (Rreshen)|Peqin|Permet|Pogradec|Puke|Sarande|Shkoder|Skrapar (Corovode)|Tepelene|Tirane (Tirana)|Tirane (Tirana)|Tropoje (Bajram Curri)|Vlore"
    },
    {
        "name": "Algeria",
        "code": "DZ",
        "group": "secondary",
        "states": "Adrar|Ain Defla|Ain Temouchent|Alger|Annaba|Batna|Bechar|Bejaia|Biskra|Blida|Bordj Bou Arreridj|Bouira|Boumerdes|Chlef|Constantine|Djelfa|El Bayadh|El Oued|El Tarf|Ghardaia|Guelma|Illizi|Jijel|Khenchela|Laghouat|M'Sila|Mascara|Medea|Mila|Mostaganem|Naama|Oran|Ouargla|Oum el Bouaghi|Relizane|Saida|Setif|Sidi Bel Abbes|Skikda|Souk Ahras|Tamanghasset|Tebessa|Tiaret|Tindouf|Tipaza|Tissemsilt|Tizi Ouzou|Tlemcen"
    },
    {
        "name": "American Samoa",
        "code": "AS",
        "group": "secondary",
        "states": "Eastern|Manu'a|Rose Island|Swains Island|Western"
    },
    {
        "name": "Andorra",
        "code": "AD",
        "group": "secondary",
        "states": "Andorra"
    },
    {
        "name": "Angola",
        "code": "AO",
        "group": "secondary",
        "states": "Andorra la Vella|Bengo|Benguela|Bie|Cabinda|Canillo|Cuando Cubango|Cuanza Norte|Cuanza Sul|Cunene|Encamp|Escaldes-Engordany|Huambo|Huila|La Massana|Luanda|Lunda Norte|Lunda Sul|Malanje|Moxico|Namibe|Ordino|Sant Julia de Loria|Uige|Zaire"
    },
    {
        "name": "Anguilla",
        "code": "AI",
        "group": "secondary",
        "states": "Anguilla"
    },
    {
        "name": "Antarctica",
        "code": "AQ",
        "group": "secondary",
        "states": "Antarctica"
    },
    {
        "name": "Antigua And Barbuda",
        "code": "AG",
        "group": "secondary",
        "states": "Barbuda|Redonda|Saint George|Saint John|Saint Mary|Saint Paul|Saint Peter|Saint Philip"
    },
    {
        "name": "Argentina",
        "code": "AR",
        "group": "secondary",
        "states": "Antartica e Islas del Atlantico Sur|Buenos Aires|Buenos Aires Capital Federal|Catamarca|Chaco|Chubut|Cordoba|Corrientes|Entre Rios|Formosa|Jujuy|La Pampa|La Rioja|Mendoza|Misiones|Neuquen|Rio Negro|Salta|San Juan|San Luis|Santa Cruz|Santa Fe|Santiago del Estero|Tierra del Fuego|Tucuman"
    },
    {
        "name": "Armenia",
        "code": "AM",
        "group": "secondary",
        "states": "Aragatsotn|Ararat|Armavir|Geghark'unik'|Kotayk'|Lorri|Shirak|Syunik'|Tavush|Vayots' Dzor|Yerevan"
    },
    {
        "name": "Aruba",
        "code": "AW",
        "group": "secondary",
        "states": "Aruba"
    },
    {
        "name": "Ashmore and Cartier Islands",
        "code": "AQ",
        "group": "secondary",
        "states": "Ashmore and Cartier Island"
    },
    {
        "name": "Australia",
        "code": "AU",
        "group": "secondary",
        "states": "Australian Capital Territory|New South Wales|Northern Territory|Queensland|South Australia|Tasmania|Victoria|Western Australia"
    },
    {
        "name": "Austria",
        "code": "AT",
        "group": "secondary",
        "states": "Burgenland|Kaernten|Niederoesterreich|Oberoesterreich|Salzburg|Steiermark|Tirol|Vorarlberg|Wien"
    },
    {
        "name": "Azerbaijan",
        "code": "AZ",
        "group": "secondary",
        "states": "Abseron Rayonu|Agcabadi Rayonu|Agdam Rayonu|Agdas Rayonu|Agstafa Rayonu|Agsu Rayonu|Ali Bayramli Sahari|Astara Rayonu|Baki Sahari|Balakan Rayonu|Barda Rayonu|Beylaqan Rayonu|Bilasuvar Rayonu|Cabrayil Rayonu|Calilabad Rayonu|Daskasan Rayonu|Davaci Rayonu|Fuzuli Rayonu|Gadabay Rayonu|Ganca Sahari|Goranboy Rayonu|Goycay Rayonu|Haciqabul Rayonu|Imisli Rayonu|Ismayilli Rayonu|Kalbacar Rayonu|Kurdamir Rayonu|Lacin Rayonu|Lankaran Rayonu|Lankaran Sahari|Lerik Rayonu|Masalli Rayonu|Mingacevir Sahari|Naftalan Sahari|Naxcivan Muxtar Respublikasi|Neftcala Rayonu|Oguz Rayonu|Qabala Rayonu|Qax Rayonu|Qazax Rayonu|Qobustan Rayonu|Quba Rayonu|Qubadli Rayonu|Qusar Rayonu|Saatli Rayonu|Sabirabad Rayonu|Saki Rayonu|Saki Sahari|Salyan Rayonu|Samaxi Rayonu|Samkir Rayonu|Samux Rayonu|Siyazan Rayonu|Sumqayit Sahari|Susa Rayonu|Susa Sahari|Tartar Rayonu|Tovuz Rayonu|Ucar Rayonu|Xacmaz Rayonu|Xankandi Sahari|Xanlar Rayonu|Xizi Rayonu|Xocali Rayonu|Xocavand Rayonu|Yardimli Rayonu|Yevlax Rayonu|Yevlax Sahari|Zangilan Rayonu|Zaqatala Rayonu|Zardab Rayonu"
    },
    {
        "name": "Bahamas",
        "code": "BS",
        "group": "secondary",
        "states": "Acklins and Crooked Islands|Bimini|Cat Island|Exuma|Freeport|Fresh Creek|Governor's Harbour|Green Turtle Cay|Harbour Island|High Rock|Inagua|Kemps Bay|Long Island|Marsh Harbour|Mayaguana|New Providence|Nicholls Town and Berry Islands|Ragged Island|Rock Sound|San Salvador and Rum Cay|Sandy Point"
    },
    {
        "name": "Bahrain",
        "code": "BH",
        "group": "secondary",
        "states": "Al Hadd|Al Manamah|Al Mintaqah al Gharbiyah|Al Mintaqah al Wusta|Al Mintaqah ash Shamaliyah|Al Muharraq|Ar Rifa' wa al Mintaqah al Janubiyah|Jidd Hafs|Juzur Hawar|Madinat 'Isa|Madinat Hamad|Sitrah"
    },
    {
        "name": "Bangladesh",
        "code": "BD",
        "group": "secondary",
        "states": "Barguna|Barisal|Bhola|Jhalokati|Patuakhali|Pirojpur|Bandarban|Brahmanbaria|Chandpur|Chittagong|Comilla|Cox's Bazar|Feni|Khagrachari|Lakshmipur|Noakhali|Rangamati|Dhaka|Faridpur|Gazipur|Gopalganj|Jamalpur|Kishoreganj|Madaripur|Manikganj|Munshiganj|Mymensingh|Narayanganj|Narsingdi|Netrokona|Rajbari|Shariatpur|Sherpur|Tangail|Bagerhat|Chuadanga|Jessore|Jhenaidah|Khulna|Kushtia|Magura|Meherpur|Narail|Satkhira|Bogra|Dinajpur|Gaibandha|Jaipurhat|Kurigram|Lalmonirhat|Naogaon|Natore|Nawabganj|Nilphamari|Pabna|Panchagarh|Rajshahi|Rangpur|Sirajganj|Thakurgaon|Habiganj|Maulvi bazar|Sunamganj|Sylhet"
    },
    {
        "name": "Barbados",
        "code": "BB",
        "group": "secondary",
        "states": "Bridgetown|Christ Church|Saint Andrew|Saint George|Saint James|Saint John|Saint Joseph|Saint Lucy|Saint Michael|Saint Peter|Saint Philip|Saint Thomas"
    },
    {
        "name": "Belarus",
        "code": "BY",
        "group": "secondary",
        "states": "Brestskaya (Brest)|Homyel'skaya (Homyel')|Horad Minsk|Hrodzyenskaya (Hrodna)|Mahilyowskaya (Mahilyow)|Minskaya|Vitsyebskaya (Vitsyebsk)"
    },
    {
        "name": "Belgium",
        "code": "BE",
        "group": "secondary",
        "states": "Antwerpen|Brabant Wallon|Brussels Capitol Region|Hainaut|Liege|Limburg|Luxembourg|Namur|Oost-Vlaanderen|Vlaams Brabant|West-Vlaandern"
    },
    {
        "name": "Belize",
        "code": "BZ",
        "group": "secondary",
        "states": "Belize|Cayo|Corozal|Orange Walk|Stann Creek|Toledo"
    },
    {
        "name": "Benin",
        "code": "BJ",
        "group": "secondary",
        "states": "Alibori|Atakora|Atlantique|Borgou|Collines|Couffo|Donga|Littoral|Mono|Oueme|Plateau|Zou"
    },
    {
        "name": "Bermuda",
        "code": "BM",
        "group": "secondary",
        "states": "Devonshire|Hamilton|Hamilton|Paget|Pembroke|Saint George|Saint Georges|Sandys|Smiths|Southampton|Warwick"
    },
    {
        "name": "Bhutan",
        "code": "BT",
        "group": "secondary",
        "states": "Bumthang|Chhukha|Chirang|Daga|Geylegphug|Ha|Lhuntshi|Mongar|Paro|Pemagatsel|Punakha|Samchi|Samdrup Jongkhar|Shemgang|Tashigang|Thimphu|Tongsa|Wangdi Phodrang"
    },
    {
        "name": "Bolivia",
        "code": "BO",
        "group": "secondary",
        "states": "Beni|Chuquisaca|Cochabamba|La Paz|Oruro|Pando|Potosi|Santa Cruz|Tarija"
    },
    {
        "name": "Bosnia And Herzegovina",
        "code": "BA",
        "group": "secondary",
        "states": "Federation of Bosnia and Herzegovina|Republika Srpska"
    },
    {
        "name": "Botswana",
        "code": "BW",
        "group": "secondary",
        "states": "Central|Chobe|Francistown|Gaborone|Ghanzi|Kgalagadi|Kgatleng|Kweneng|Lobatse|Ngamiland|North-East|Selebi-Pikwe|South-East|Southern"
    },
    {
        "name": "Bouvet Island",
        "code": "BV",
        "group": "secondary",
        "states": "Bouvet Island"
    },
    {
        "name": "Brazil",
        "code": "BR",
        "group": "secondary",
        "states": "Acre|Alagoas|Amapa|Amazonas|Bahia|Ceara|Distrito Federal|Espirito Santo|Goias|Maranhao|Mato Grosso|Mato Grosso do Sul|Minas Gerais|Para|Paraiba|Parana|Pernambuco|Piaui|Rio de Janeiro|Rio Grande do Norte|Rio Grande do Sul|Rondonia|Roraima|Santa Catarina|Sao Paulo|Sergipe|Tocantins"
    },
    {
        "name": "British Indian Ocean Territory",
        "code": "IO",
        "group": "secondary",
        "states": "Anegada|Jost Van Dyke|Tortola|Virgin Gorda"
    },
    {
        "name": "Brunei Darussalam",
        "code": "BN",
        "group": "secondary",
        "states": "Belait|Brunei and Muara|Temburong|Tutong"
    },
    {
        "name": "Bulgaria",
        "code": "BG",
        "group": "secondary",
        "states": "Blagoevgrad|Burgas|Dobrich|Gabrovo|Khaskovo|Kurdzhali|Kyustendil|Lovech|Montana|Pazardzhik|Pernik|Pleven|Plovdiv|Razgrad|Ruse|Shumen|Silistra|Sliven|Smolyan|Sofiya|Sofiya-Grad|Stara Zagora|Turgovishte|Varna|Veliko Turnovo|Vidin|Vratsa|Yambol"
    },
    {
        "name": "Burkina Faso",
        "code": "BF",
        "group": "secondary",
        "states": "Bale|Bam|Banwa|Bazega|Bougouriba|Boulgou|Boulkiemde|Comoe|Ganzourgou|Gnagna|Gourma|Houet|Ioba|Kadiogo|Kenedougou|Komandjari|Kompienga|Kossi|Koupelogo|Kouritenga|Kourweogo|Leraba|Loroum|Mouhoun|Nahouri|Namentenga|Naumbiel|Nayala|Oubritenga|Oudalan|Passore|Poni|Samentenga|Sanguie|Seno|Sissili|Soum|Sourou|Tapoa|Tuy|Yagha|Yatenga|Ziro|Zondomo|Zoundweogo"
    },
    {
        "name": "Burma",
        "code": "MM",
        "group": "secondary",
        "states": "Ayeyarwady|Bago|Chin State|Kachin State|Kayah State|Kayin State|Magway|Mandalay|Mon State|Rakhine State|Sagaing|Shan State|Tanintharyi|Yangon"
    },
    {
        "name": "Burundi",
        "code": "BI",
        "group": "secondary",
        "states": "Bubanza|Bujumbura|Bururi|Cankuzo|Cibitoke|Gitega|Karuzi|Kayanza|Kirundo|Makamba|Muramvya|Muyinga|Mwaro|Ngozi|Rutana|Ruyigi"
    },
    {
        "name": "Cambodia",
        "code": "KH",
        "group": "secondary",
        "states": "Banteay Mean Cheay|Batdambang|Kampong Cham|Kampong Chhnang|Kampong Spoe|Kampong Thum|Kampot|Kandal|Kaoh Kong|Keb|Kracheh|Mondol Kiri|Otdar Mean Cheay|Pailin|Phnum Penh|Pouthisat|Preah Seihanu (Sihanoukville)|Preah Vihear|Prey Veng|Rotanah Kiri|Siem Reab|Stoeng Treng|Svay Rieng|Takev"
    },
    {
        "name": "Cameroon",
        "code": "CM",
        "group": "secondary",
        "states": "Adamaoua|Centre|Est|Extreme-Nord|Littoral|Nord|Nord-Ouest|Ouest|Sud|Sud-Ouest"
    },
    {
        "name": "Cape Verde",
        "code": "CV",
        "group": "secondary",
        "states": "Boa Vista|Brava|Maio|Mosteiros|Paul|Porto Novo|Praia|Ribeira Grande|Sal|Santa Catarina|Santa Cruz|Sao Domingos|Sao Filipe|Sao Nicolau|Sao Vicente|Tarrafal"
    },
    {
        "name": "Cayman Islands",
        "code": "KY",
        "group": "secondary",
        "states": "Creek|Eastern|Midland|South Town|Spot Bay|Stake Bay|West End|Western"
    },
    {
        "name": "Central African Republic",
        "code": "CF",
        "group": "secondary",
        "states": "Bamingui-Bangoran|Bangui|Basse-Kotto|Gribingui|Haut-Mbomou|Haute-Kotto|Haute-Sangha|Kemo-Gribingui|Lobaye|Mbomou|Nana-Mambere|Ombella-Mpoko|Ouaka|Ouham|Ouham-Pende|Sangha|Vakaga"
    },
    {
        "name": "Chad",
        "code": "TD",
        "group": "secondary",
        "states": "Batha|Biltine|Borkou-Ennedi-Tibesti|Chari-Baguirmi|Guera|Kanem|Lac|Logone Occidental|Logone Oriental|Mayo-Kebbi|Moyen-Chari|Ouaddai|Salamat|Tandjile"
    },
    {
        "name": "Chile",
        "code": "CL",
        "group": "secondary",
        "states": "Aisen del General Carlos Ibanez del Campo|Antofagasta|Araucania|Atacama|Bio-Bio|Coquimbo|Libertador General Bernardo O'Higgins|Los Lagos|Magallanes y de la Antartica Chilena|Maule|Region Metropolitana (Santiago)|Tarapaca|Valparaiso"
    },
    {
        "name": "China",
        "code": "CN",
        "group": "secondary",
        "states": "Anhui|Beijing|Chongqing|Fujian|Gansu|Guangdong|Guangxi|Guizhou|Hainan|Hebei|Heilongjiang|Henan|Hubei|Hunan|Jiangsu|Jiangxi|Jilin|Liaoning|Nei Mongol|Ningxia|Qinghai|Shaanxi|Shandong|Shanghai|Shanxi|Sichuan|Tianjin|Xinjiang|Xizang (Tibet)|Yunnan|Zhejiang"
    },
    {
        "name": "Christmas Island",
        "code": "KY",
        "group": "secondary",
        "states": "Christmas Island"
    },
    {
        "name": "Clipperton Island",
        "code": "FR",
        "group": "secondary",
        "states": "Clipperton"
    },
    {
        "name": "Cocos (Keeling) Islands",
        "code": "CC",
        "group": "secondary",
        "states": "Direction Island|Home Island|Horsburgh Island|North Keeling Island|South Island|West Island"
    },
    {
        "name": "Colombia",
        "code": "CO",
        "group": "secondary",
        "states": "Amazonas|Antioquia|Arauca|Atlantico|Bolivar|Boyaca|Caldas|Caqueta|Casanare|Cauca|Cesar|Choco|Cordoba|Cundinamarca|Distrito Capital de Santa Fe de Bogota|Guainia|Guaviare|Huila|La Guajira|Magdalena|Meta|Narino|Norte de Santander|Putumayo|Quindio|Risaralda|San Andres y Providencia|Santander|Sucre|Tolima|Valle del Cauca|Vaupes|Vichada"
    },
    {
        "name": "Comoros",
        "code": "KM",
        "group": "secondary",
        "states": "Anjouan (Nzwani)|Domoni|Fomboni|Grande Comore (Njazidja)|Moheli (Mwali)|Moroni|Moutsamoudou"
    },
    {
        "name": "Congo",
        "code": "CG",
        "group": "secondary",
        "states": "Bandundu|Bas-Congo|Equateur|Kasai-Occidental|Kasai-Oriental|Katanga|Kinshasa|Maniema|Nord-Kivu|Orientale|Sud-Kivu"
    },
    {
        "name": "Congo, Democratic Republic",
        "code": "CD",
        "group": "secondary",
        "states": "Bouenza|Brazzaville|Cuvette|Kouilou|Lekoumou|Likouala|Niari|Plateaux|Pool|Sangha"
    },
    {
        "name": "Cook Islands",
        "code": "CK",
        "group": "secondary",
        "states": "Aitutaki|Atiu|Avarua|Mangaia|Manihiki|Manuae|Mauke|Mitiaro|Nassau Island|Palmerston|Penrhyn|Pukapuka|Rakahanga|Rarotonga|Suwarrow|Takutea"
    },
    {
        "name": "Costa Rica",
        "code": "CR",
        "group": "secondary",
        "states": "Alajuela|Cartago|Guanacaste|Heredia|Limon|Puntarenas|San Jose"
    },
    {
        "name": "Cote D'Ivoire",
        "code": "CI",
        "group": "secondary",
        "states": "Abengourou|Abidjan|Aboisso|Adiake'|Adzope|Agboville|Agnibilekrou|Ale'pe'|Bangolo|Beoumi|Biankouma|Bocanda|Bondoukou|Bongouanou|Bouafle|Bouake|Bouna|Boundiali|Dabakala|Dabon|Daloa|Danane|Daoukro|Dimbokro|Divo|Duekoue|Ferkessedougou|Gagnoa|Grand Bassam|Grand-Lahou|Guiglo|Issia|Jacqueville|Katiola|Korhogo|Lakota|Man|Mankono|Mbahiakro|Odienne|Oume|Sakassou|San-Pedro|Sassandra|Seguela|Sinfra|Soubre|Tabou|Tanda|Tiassale|Tiebissou|Tingrela|Touba|Toulepleu|Toumodi|Vavoua|Yamoussoukro|Zuenoula"
    },
    {
        "name": "Croatia",
        "code": "HR",
        "group": "secondary",
        "states": "Bjelovarsko-Bilogorska Zupanija|Brodsko-Posavska Zupanija|Dubrovacko-Neretvanska Zupanija|Istarska Zupanija|Karlovacka Zupanija|Koprivnicko-Krizevacka Zupanija|Krapinsko-Zagorska Zupanija|Licko-Senjska Zupanija|Medimurska Zupanija|Osjecko-Baranjska Zupanija|Pozesko-Slavonska Zupanija|Primorsko-Goranska Zupanija|Sibensko-Kninska Zupanija|Sisacko-Moslavacka Zupanija|Splitsko-Dalmatinska Zupanija|Varazdinska Zupanija|Viroviticko-Podravska Zupanija|Vukovarsko-Srijemska Zupanija|Zadarska Zupanija|Zagreb|Zagrebacka Zupanija"
    },
    {
        "name": "Cuba",
        "code": "CU",
        "group": "secondary",
        "states": "Camaguey|Ciego de Avila|Cienfuegos|Ciudad de La Habana|Granma|Guantanamo|Holguin|Isla de la Juventud|La Habana|Las Tunas|Matanzas|Pinar del Rio|Sancti Spiritus|Santiago de Cuba|Villa Clara"
    },
    {
        "name": "Curacao",
        "code": "CW",
        "group": "secondary",
        "states": "Curacao"
    },
    {
        "name": "Cyprus",
        "code": "CY",
        "group": "secondary",
        "states": "Famagusta|Kyrenia|Larnaca|Limassol|Nicosia|Paphos"
    },
    {
        "name": "Czech Republic",
        "code": "CZ",
        "group": "secondary",
        "states": "Brnensky|Budejovicky|Jihlavsky|Karlovarsky|Kralovehradecky|Liberecky|Olomoucky|Ostravsky|Pardubicky|Plzensky|Praha|Stredocesky|Ustecky|Zlinsky"
    },
    {
        "name": "Denmark",
        "code": "DK",
        "group": "secondary",
        "states": "Arhus|Bornholm|Fredericksberg|Frederiksborg|Fyn|Kobenhavn|Kobenhavns|Nordjylland|Ribe|Ringkobing|Roskilde|Sonderjylland|Storstrom|Vejle|Vestsjalland|Viborg"
    },
    {
        "name": "Djibouti",
        "code": "DJ",
        "group": "secondary",
        "states": "'Ali Sabih|Dikhil|Djibouti|Obock|Tadjoura"
    },
    {
        "name": "Dominica",
        "code": "DM",
        "group": "secondary",
        "states": "Saint Andrew|Saint David|Saint George|Saint John|Saint Joseph|Saint Luke|Saint Mark|Saint Patrick|Saint Paul|Saint Peter"
    },
    {
        "name": "Dominican Republic",
        "code": "DO",
        "group": "secondary",
        "states": "Azua|Baoruco|Barahona|Dajabon|Distrito Nacional|Duarte|El Seibo|Elias Pina|Espaillat|Hato Mayor|Independencia|La Altagracia|La Romana|La Vega|Maria Trinidad Sanchez|Monsenor Nouel|Monte Cristi|Monte Plata|Pedernales|Peravia|Puerto Plata|Salcedo|Samana|San Cristobal|San Juan|San Pedro de Macoris|Sanchez Ramirez|Santiago|Santiago Rodriguez|Valverde"
    },
    {
        "name": "Ecuador",
        "code": "EC",
        "group": "secondary",
        "states": "Azuay|Bolivar|Canar|Carchi|Chimborazo|Cotopaxi|El Oro|Esmeraldas|Galapagos|Guayas|Imbabura|Loja|Los Rios|Manabi|Morona-Santiago|Napo|Orellana|Pastaza|Pichincha|Sucumbios|Tungurahua|Zamora-Chinchipe"
    },
    {
        "name": "Egypt",
        "code": "EG",
        "group": "secondary",
        "states": "Ad Daqahliyah|Al Bahr al Ahmar|Al Buhayrah|Al Fayyum|Al Gharbiyah|Al Iskandariyah|Al Isma'iliyah|Al Jizah|Al Minufiyah|Al Minya|Al Qahirah|Al Qalyubiyah|Al Wadi al Jadid|As Suways|Ash Sharqiyah|Aswan|Asyut|Bani Suwayf|Bur Sa'id|Dumyat|Janub Sina'|Kafr ash Shaykh|Matruh|Qina|Shamal Sina'|Suhaj"
    },
    {
        "name": "El Salvador",
        "code": "SV",
        "group": "secondary",
        "states": "Ahuachapan|Cabanas|Chalatenango|Cuscatlan|La Libertad|La Paz|La Union|Morazan|San Miguel|San Salvador|San Vicente|Santa Ana|Sonsonate|Usulutan"
    },
    {
        "name": "Equatorial Guinea",
        "code": "GQ",
        "group": "secondary",
        "states": "Annobon|Bioko Norte|Bioko Sur|Centro Sur|Kie-Ntem|Litoral|Wele-Nzas"
    },
    {
        "name": "Eritrea",
        "code": "ER",
        "group": "secondary",
        "states": "Akale Guzay|Barka|Denkel|Hamasen|Sahil|Semhar|Senhit|Seraye"
    },
    {
        "name": "Estonia",
        "code": "EE",
        "group": "secondary",
        "states": "Harjumaa (Tallinn)|Hiiumaa (Kardla)|Ida-Virumaa (Johvi)|Jarvamaa (Paide)|Jogevamaa (Jogeva)|Laane-Virumaa (Rakvere)|Laanemaa (Haapsalu)|Parnumaa (Parnu)|Polvamaa (Polva)|Raplamaa (Rapla)|Saaremaa (Kuessaare)|Tartumaa (Tartu)|Valgamaa (Valga)|Viljandimaa (Viljandi)|Vorumaa (Voru)"
    },
    {
        "name": "Ethiopia",
        "code": "ET",
        "group": "secondary",
        "states": "Adis Abeba (Addis Ababa)|Afar|Amara|Dire Dawa|Gambela Hizboch|Hareri Hizb|Oromiya|Sumale|Tigray|YeDebub Biheroch Bihereseboch na Hizboch"
    },
    {
        "name": "Europa Island",
        "code": "TF",
        "group": "secondary",
        "states": "Europa Island"
    },
    {
        "name": "Falkland Islands ( IslasMalvinas)",
        "code": "FK",
        "group": "secondary",
        "states": "Falkland Islands (Islas Malvinas)"
    },
    {
        "name": "Faroe Islands",
        "code": "FO",
        "group": "secondary",
        "states": "Bordoy|Eysturoy|Mykines|Sandoy|Skuvoy|Streymoy|Suduroy|Tvoroyri|Vagar"
    },
    {
        "name": "Fiji",
        "code": "FJ",
        "group": "secondary",
        "states": "Central|Eastern|Northern|Rotuma|Western"
    },
    {
        "name": "Finland",
        "code": "FI",
        "group": "secondary",
        "states": "Aland|Etela-Suomen Laani|Ita-Suomen Laani|Lansi-Suomen Laani|Lappi|Oulun Laani"
    },
    {
        "name": "France",
        "code": "FR",
        "group": "secondary",
        "states": "Alsace|Aquitaine|Auvergne|Basse-Normandie|Bourgogne|Bretagne|Centre|Champagne-Ardenne|Corse|Franche-Comte|Haute-Normandie|Ile-de-France|Languedoc-Roussillon|Limousin|Lorraine|Midi-Pyrenees|Nord-Pas-de-Calais|Pays de la Loire|Picardie|Poitou-Charentes|Provence-Alpes-Cote d'Azur|Rhone-Alpes"
    },
    {
        "name": "French Guiana",
        "code": "GF",
        "group": "secondary",
        "states": "French Guiana"
    },
    {
        "name": "French Polynesia",
        "code": "PF",
        "group": "secondary",
        "states": "Archipel des Marquises|Archipel des Tuamotu|Archipel des Tubuai|Iles du Vent|Iles Sous-le-Vent"
    },
    {
        "name": "French Southern Territories",
        "code": "TF",
        "group": "secondary",
        "states": "Adelie Land|Ile Crozet|Iles Kerguelen|Iles Saint-Paul et Amsterdam"
    },
    {
        "name": "Gabon",
        "code": "GA",
        "group": "secondary",
        "states": "Estuaire|Haut-Ogooue|Moyen-Ogooue|Ngounie|Nyanga|Ogooue-Ivindo|Ogooue-Lolo|Ogooue-Maritime|Woleu-Ntem"
    },
    {
        "name": "Gambia, The",
        "code": "GM",
        "group": "secondary",
        "states": "Banjul|Central River|Lower River|North Bank|Upper River|Western"
    },
    {
        "name": "Gaza Strip",
        "code": "PS",
        "group": "secondary",
        "states": "Gaza Strip"
    },
    {
        "name": "Georgia",
        "code": "GE",
        "group": "secondary",
        "states": "Abashis|Abkhazia or Ap'khazet'is Avtonomiuri Respublika (Sokhumi)|Adigenis|Ajaria or Acharis Avtonomiuri Respublika (Bat'umi)|Akhalgoris|Akhalk'alak'is|Akhalts'ikhis|Akhmetis|Ambrolauris|Aspindzis|Baghdat'is|Bolnisis|Borjomis|Ch'khorotsqus|Ch'okhatauris|Chiat'ura|Dedop'listsqaros|Dmanisis|Dushet'is|Gardabanis|Gori|Goris|Gurjaanis|Javis|K'arelis|K'ut'aisi|Kaspis|Kharagaulis|Khashuris|Khobis|Khonis|Lagodekhis|Lanch'khut'is|Lentekhis|Marneulis|Martvilis|Mestiis|Mts'khet'is|Ninotsmindis|Onis|Ozurget'is|P'ot'i|Qazbegis|Qvarlis|Rust'avi|Sach'kheris|Sagarejos|Samtrediis|Senakis|Sighnaghis|T'bilisi|T'elavis|T'erjolis|T'et'ritsqaros|T'ianet'is|Tqibuli|Ts'ageris|Tsalenjikhis|Tsalkis|Tsqaltubo|Vanis|Zestap'onis|Zugdidi|Zugdidis"
    },
    {
        "name": "Germany",
        "code": "DE",
        "group": "secondary",
        "states": "Baden-Wuerttemberg|Bayern|Berlin|Brandenburg|Bremen|Hamburg|Hessen|Mecklenburg-Vorpommern|Niedersachsen|Nordrhein-Westfalen|Rheinland-Pfalz|Saarland|Sachsen|Sachsen-Anhalt|Schleswig-Holstein|Thueringen"
    },
    {
        "name": "Ghana",
        "code": "GH",
        "group": "secondary",
        "states": "Ashanti|Brong-Ahafo|Central|Eastern|Greater Accra|Northern|Upper East|Upper West|Volta|Western"
    },
    {
        "name": "Gibraltar",
        "code": "GI",
        "group": "secondary",
        "states": "Gibraltar"
    },
    {
        "name": "Glorioso Islands",
        "code": "TF",
        "group": "secondary",
        "states": "Ile du Lys|Ile Glorieuse"
    },
    {
        "name": "Greece",
        "code": "GR",
        "group": "secondary",
        "states": "Aitolia kai Akarnania|Akhaia|Argolis|Arkadhia|Arta|Attiki|Ayion Oros (Mt. Athos)|Dhodhekanisos|Drama|Evritania|Evros|Evvoia|Florina|Fokis|Fthiotis|Grevena|Ilia|Imathia|Ioannina|Irakleion|Kardhitsa|Kastoria|Kavala|Kefallinia|Kerkyra|Khalkidhiki|Khania|Khios|Kikladhes|Kilkis|Korinthia|Kozani|Lakonia|Larisa|Lasithi|Lesvos|Levkas|Magnisia|Messinia|Pella|Pieria|Preveza|Rethimni|Rodhopi|Samos|Serrai|Thesprotia|Thessaloniki|Trikala|Voiotia|Xanthi|Zakinthos"
    },
    {
        "name": "Greenland",
        "code": "GL",
        "group": "secondary",
        "states": "Avannaa (Nordgronland)|Kitaa (Vestgronland)|Tunu (Ostgronland)"
    },
    {
        "name": "Grenada",
        "code": "GD",
        "group": "secondary",
        "states": "Carriacou and Petit Martinique|Saint Andrew|Saint David|Saint George|Saint John|Saint Mark|Saint Patrick"
    },
    {
        "name": "Guadeloupe",
        "code": "GP",
        "group": "secondary",
        "states": "Basse-Terre|Grande-Terre|Iles de la Petite Terre|Iles des Saintes|Marie-Galante"
    },
    {
        "name": "Guam",
        "code": "GU",
        "group": "secondary",
        "states": "Guam"
    },
    {
        "name": "Guatemala",
        "code": "GT",
        "group": "secondary",
        "states": "Alta Verapaz|Baja Verapaz|Chimaltenango|Chiquimula|El Progreso|Escuintla|Guatemala|Huehuetenango|Izabal|Jalapa|Jutiapa|Peten|Quetzaltenango|Quiche|Retalhuleu|Sacatepequez|San Marcos|Santa Rosa|Solola|Suchitepequez|Totonicapan|Zacapa"
    },
    {
        "name": "Guernsey",
        "code": "GG",
        "group": "secondary",
        "states": "Castel|Forest|St. Andrew|St. Martin|St. Peter Port|St. Pierre du Bois|St. Sampson|St. Saviour|Torteval|Vale"
    },
    {
        "name": "Guinea",
        "code": "GN",
        "group": "secondary",
        "states": "Beyla|Boffa|Boke|Conakry|Coyah|Dabola|Dalaba|Dinguiraye|Dubreka|Faranah|Forecariah|Fria|Gaoual|Gueckedou|Kankan|Kerouane|Kindia|Kissidougou|Koubia|Koundara|Kouroussa|Labe|Lelouma|Lola|Macenta|Mali|Mamou|Mandiana|Nzerekore|Pita|Siguiri|Telimele|Tougue|Yomou"
    },
    {
        "name": "Guinea-Bissau",
        "code": "GW",
        "group": "secondary",
        "states": "Bafata|Biombo|Bissau|Bolama-Bijagos|Cacheu|Gabu|Oio|Quinara|Tombali"
    },
    {
        "name": "Guyana",
        "code": "GY",
        "group": "secondary",
        "states": "Barima-Waini|Cuyuni-Mazaruni|Demerara-Mahaica|East Berbice-Corentyne|Essequibo Islands-West Demerara|Mahaica-Berbice|Pomeroon-Supenaam|Potaro-Siparuni|Upper Demerara-Berbice|Upper Takutu-Upper Essequibo"
    },
    {
        "name": "Haiti",
        "code": "HT",
        "group": "secondary",
        "states": "Artibonite|Centre|Grand'Anse|Nord|Nord-Est|Nord-Ouest|Ouest|Sud|Sud-Est"
    },
    {
        "name": "Heard Island and Mcdonald Islands",
        "code": "HM",
        "group": "secondary",
        "states": "Heard Island and McDonald Islands"
    },
    {
        "name": "Holy See (Vatican City State)",
        "code": "VA",
        "group": "secondary",
        "states": "Holy See (Vatican City)"
    },
    {
        "name": "Honduras",
        "code": "HN",
        "group": "secondary",
        "states": "Atlantida|Choluteca|Colon|Comayagua|Copan|Cortes|El Paraiso|Francisco Morazan|Gracias a Dios|Intibuca|Islas de la Bahia|La Paz|Lempira|Ocotepeque|Olancho|Santa Barbara|Valle|Yoro"
    },
    {
        "name": "Hong Kong",
        "code": "HK",
        "group": "secondary",
        "states": "Hong Kong"
    },
    {
        "name": "Howland Island",
        "code": "UM",
        "group": "secondary",
        "states": "Howland Island"
    },
    {
        "name": "Hungary",
        "code": "HU",
        "group": "secondary",
        "states": "Bacs-Kiskun|Baranya|Bekes|Bekescsaba|Borsod-Abauj-Zemplen|Budapest|Csongrad|Debrecen|Dunaujvaros|Eger|Fejer|Gyor|Gyor-Moson-Sopron|Hajdu-Bihar|Heves|Hodmezovasarhely|Jasz-Nagykun-Szolnok|Kaposvar|Kecskemet|Komarom-Esztergom|Miskolc|Nagykanizsa|Nograd|Nyiregyhaza|Pecs|Pest|Somogy|Sopron|Szabolcs-Szatmar-Bereg|Szeged|Szekesfehervar|Szolnok|Szombathely|Tatabanya|Tolna|Vas|Veszprem|Veszprem|Zala|Zalaegerszeg"
    },
    {
        "name": "Iceland",
        "code": "IS",
        "group": "secondary",
        "states": "Akranes|Akureyri|Arnessysla|Austur-Bardhastrandarsysla|Austur-Hunavatnssysla|Austur-Skaftafellssysla|Borgarfjardharsysla|Dalasysla|Eyjafjardharsysla|Gullbringusysla|Hafnarfjordhur|Husavik|Isafjordhur|Keflavik|Kjosarsysla|Kopavogur|Myrasysla|Neskaupstadhur|Nordhur-Isafjardharsysla|Nordhur-Mulasys-la|Nordhur-Thingeyjarsysla|Olafsfjordhur|Rangarvallasysla|Reykjavik|Saudharkrokur|Seydhisfjordhur|Siglufjordhur|Skagafjardharsysla|Snaefellsnes-og Hnappadalssysla|Strandasysla|Sudhur-Mulasysla|Sudhur-Thingeyjarsysla|Vesttmannaeyjar|Vestur-Bardhastrandarsysla|Vestur-Hunavatnssysla|Vestur-Isafjardharsysla|Vestur-Skaftafellssysla"
    },
    {
        "name": "India",
        "code": "IN",
        "group": "secondary",
        "states": "Andaman and Nicobar Islands|Andhra Pradesh|Arunachal Pradesh|Assam|Bihar|Chandigarh|Chhattisgarh|Dadra and Nagar Haveli|Daman and Diu|Delhi|Goa|Gujarat|Haryana|Himachal Pradesh|Jammu and Kashmir|Jharkhand|Karnataka|Kerala|Lakshadweep|Madhya Pradesh|Maharashtra|Manipur|Meghalaya|Mizoram|Nagaland|Orissa|Pondicherry|Punjab|Rajasthan|Sikkim|Tamil Nadu|Tripura|Uttar Pradesh|Uttaranchal|West Bengal"
    },
    {
        "name": "Indonesia",
        "code": "ID",
        "group": "secondary",
        "states": "Aceh|Bali|Banten|Bengkulu|East Timor|Gorontalo|Irian Jaya|Jakarta Raya|Jambi|Jawa Barat|Jawa Tengah|Jawa Timur|Kalimantan Barat|Kalimantan Selatan|Kalimantan Tengah|Kalimantan Timur|Kepulauan Bangka Belitung|Lampung|Maluku|Maluku Utara|Nusa Tenggara Barat|Nusa Tenggara Timur|Riau|Sulawesi Selatan|Sulawesi Tengah|Sulawesi Tenggara|Sulawesi Utara|Sumatera Barat|Sumatera Selatan|Sumatera Utara|Yogyakarta"
    },
    {
        "name": "Iran",
        "code": "IR",
        "group": "secondary",
        "states": "Ardabil|Azarbayjan-e Gharbi|Azarbayjan-e Sharqi|Bushehr|Chahar Mahall va Bakhtiari|Esfahan|Fars|Gilan|Golestan|Hamadan|Hormozgan|Ilam|Kerman|Kermanshah|Khorasan|Khuzestan|Kohgiluyeh va Buyer Ahmad|Kordestan|Lorestan|Markazi|Mazandaran|Qazvin|Qom|Semnan|Sistan va Baluchestan|Tehran|Yazd|Zanjan"
    },
    {
        "name": "Iraq",
        "code": "IQ",
        "group": "secondary",
        "states": "Al Anbar|Al Basrah|Al Muthanna|Al Qadisiyah|An Najaf|Arbil|As Sulaymaniyah|At Ta'mim|Babil|Baghdad|Dahuk|Dhi Qar|Diyala|Karbala'|Maysan|Ninawa|Salah ad Din|Wasit"
    },
    {
        "name": "Ireland",
        "code": "IE",
        "group": "secondary",
        "states": "Carlow|Cavan|Clare|Cork|Donegal|Dublin|Galway|Kerry|Kildare|Kilkenny|Laois|Leitrim|Limerick|Longford|Louth|Mayo|Meath|Monaghan|Offaly|Roscommon|Sligo|Tipperary|Waterford|Westmeath|Wexford|Wicklow"
    },
    {
        "name": "Ireland, Northern",
        "code": "GB_NIR",
        "group": "secondary",
        "states": "Antrim|Ards|Armagh|Ballymena|Ballymoney|Banbridge|Belfast|Carrickfergus|Castlereagh|Coleraine|Cookstown|Craigavon|Derry|Down|Dungannon|Fermanagh|Larne|Limavady|Lisburn|Magherafelt|Moyle|Newry and Mourne|Newtownabbey|North Down|Omagh|Strabane"
    },
    {
        "name": "Isle Of Man",
        "code": "IM",
        "group": "secondary",
        "states": "Man, Isle of"
    },
    {
        "name": "Israel",
        "code": "IL",
        "group": "secondary",
        "states": "Central|Haifa|Jerusalem|Northern|Southern|Tel Aviv"
    },
    {
        "name": "Italy",
        "code": "IT",
        "group": "secondary",
        "states": "Abruzzo|Basilicata|Calabria|Campania|Emilia-Romagna|Friuli-Venezia Giulia|Lazio|Liguria|Lombardia|Marche|Molise|Piemonte|Puglia|Sardegna|Sicilia|Toscana|Trentino-Alto Adige|Umbria|Valle d'Aosta|Veneto"
    },
    {
        "name": "Jamaica",
        "code": "JM",
        "group": "secondary",
        "states": "Clarendon|Hanover|Kingston|Manchester|Portland|Saint Andrew|Saint Ann|Saint Catherine|Saint Elizabeth|Saint James|Saint Mary|Saint Thomas|Trelawny|Westmoreland"
    },
    {
        "name": "Jan Mayen",
        "code": "SJ",
        "group": "secondary",
        "states": "Jan Mayen"
    },
    {
        "name": "Japan",
        "code": "JP",
        "group": "secondary",
        "states": "Aichi|Akita|Aomori|Chiba|Ehime|Fukui|Fukuoka|Fukushima|Gifu|Gumma|Hiroshima|Hokkaido|Hyogo|Ibaraki|Ishikawa|Iwate|Kagawa|Kagoshima|Kanagawa|Kochi|Kumamoto|Kyoto|Mie|Miyagi|Miyazaki|Nagano|Nagasaki|Nara|Niigata|Oita|Okayama|Okinawa|Osaka|Saga|Saitama|Shiga|Shimane|Shizuoka|Tochigi|Tokushima|Tokyo|Tottori|Toyama|Wakayama|Yamagata|Yamaguchi|Yamanashi"
    },
    {
        "name": "Jarvis Island",
        "code": "UM",
        "group": "secondary",
        "states": "Jarvis Island"
    },
    {
        "name": "Jersey",
        "code": "JE",
        "group": "secondary",
        "states": "Jersey"
    },
    {
        "name": "Johnston Atoll",
        "code": "UM",
        "group": "secondary",
        "states": "Johnston Atoll"
    },
    {
        "name": "Jordan",
        "code": "JO",
        "group": "secondary",
        "states": "'Amman|Ajlun|Al 'Aqabah|Al Balqa'|Al Karak|Al Mafraq|At Tafilah|Az Zarqa'|Irbid|Jarash|Ma'an|Madaba"
    },
    {
        "name": "Juan de Nova Island",
        "code": "TF",
        "group": "secondary",
        "states": "Juan de Nova Island"
    },
    {
        "name": "Kazakhstan",
        "code": "KZ",
        "group": "secondary",
        "states": "Almaty|Aqmola|Aqtobe|Astana|Atyrau|Batys Qazaqstan|Bayqongyr|Mangghystau|Ongtustik Qazaqstan|Pavlodar|Qaraghandy|Qostanay|Qyzylorda|Shyghys Qazaqstan|Soltustik Qazaqstan|Zhambyl"
    },
    {
        "name": "Kenya",
        "code": "KE",
        "group": "secondary",
        "states": "Central|Coast|Eastern|Nairobi Area|North Eastern|Nyanza|Rift Valley|Western"
    },
    {
        "name": "Kiribati",
        "code": "KI",
        "group": "secondary",
        "states": "Abaiang|Abemama|Aranuka|Arorae|Banaba|Banaba|Beru|Butaritari|Central Gilberts|Gilbert Islands|Kanton|Kiritimati|Kuria|Line Islands|Line Islands|Maiana|Makin|Marakei|Nikunau|Nonouti|Northern Gilberts|Onotoa|Phoenix Islands|Southern Gilberts|Tabiteuea|Tabuaeran|Tamana|Tarawa|Tarawa|Teraina"
    },
    {
        "name": "Korea, North",
        "code": "KP",
        "group": "secondary",
        "states": "Chagang-do (Chagang Province)|Hamgyong-bukto (North Hamgyong Province)|Hamgyong-namdo (South Hamgyong Province)|Hwanghae-bukto (North Hwanghae Province)|Hwanghae-namdo (South Hwanghae Province)|Kaesong-si (Kaesong City)|Kangwon-do (Kangwon Province)|Namp'o-si (Namp'o City)|P'yongan-bukto (North P'yongan Province)|P'yongan-namdo (South P'yongan Province)|P'yongyang-si (P'yongyang City)|Yanggang-do (Yanggang Province)"
    },
    {
        "name": "Korea, South",
        "code": "KR",
        "group": "secondary",
        "states": "Ch'ungch'ong-bukto|Ch'ungch'ong-namdo|Cheju-do|Cholla-bukto|Cholla-namdo|Inch'on-gwangyoksi|Kangwon-do|Kwangju-gwangyoksi|Kyonggi-do|Kyongsang-bukto|Kyongsang-namdo|Pusan-gwangyoksi|Soul-t'ukpyolsi|Taegu-gwangyoksi|Taejon-gwangyoksi|Ulsan-gwangyoksi"
    },
    {
        "name": "Kuwait",
        "code": "KW",
        "group": "secondary",
        "states": "Al 'Asimah|Al Ahmadi|Al Farwaniyah|Al Jahra'|Hawalli"
    },
    {
        "name": "Kyrgyzstan",
        "code": "KG",
        "group": "secondary",
        "states": "Batken Oblasty|Bishkek Shaary|Chuy Oblasty (Bishkek)|Jalal-Abad Oblasty|Naryn Oblasty|Osh Oblasty|Talas Oblasty|Ysyk-Kol Oblasty (Karakol)"
    },
    {
        "name": "Laos",
        "code": "LA",
        "group": "secondary",
        "states": "Attapu|Bokeo|Bolikhamxai|Champasak|Houaphan|Khammouan|Louangnamtha|Louangphabang|Oudomxai|Phongsali|Salavan|Savannakhet|Viangchan|Viangchan|Xaignabouli|Xaisomboun|Xekong|Xiangkhoang"
    },
    {
        "name": "Latvia",
        "code": "LV",
        "group": "secondary",
        "states": "Aizkraukles Rajons|Aluksnes Rajons|Balvu Rajons|Bauskas Rajons|Cesu Rajons|Daugavpils|Daugavpils Rajons|Dobeles Rajons|Gulbenes Rajons|Jekabpils Rajons|Jelgava|Jelgavas Rajons|Jurmala|Kraslavas Rajons|Kuldigas Rajons|Leipaja|Liepajas Rajons|Limbazu Rajons|Ludzas Rajons|Madonas Rajons|Ogres Rajons|Preilu Rajons|Rezekne|Rezeknes Rajons|Riga|Rigas Rajons|Saldus Rajons|Talsu Rajons|Tukuma Rajons|Valkas Rajons|Valmieras Rajons|Ventspils|Ventspils Rajons"
    },
    {
        "name": "Lebanon",
        "code": "LB",
        "group": "secondary",
        "states": "Beyrouth|Ech Chimal|Ej Jnoub|El Bekaa|Jabal Loubnane"
    },
    {
        "name": "Lesotho",
        "code": "LS",
        "group": "secondary",
        "states": "Berea|Butha-Buthe|Leribe|Mafeteng|Maseru|Mohales Hoek|Mokhotlong|Qacha's Nek|Quthing|Thaba-Tseka"
    },
    {
        "name": "Liberia",
        "code": "LR",
        "group": "secondary",
        "states": "Bomi|Bong|Grand Bassa|Grand Cape Mount|Grand Gedeh|Grand Kru|Lofa|Margibi|Maryland|Montserrado|Nimba|River Cess|Sinoe"
    },
    {
        "name": "Libya",
        "code": "LY",
        "group": "secondary",
        "states": "Ajdabiya|Al 'Aziziyah|Al Fatih|Al Jabal al Akhdar|Al Jufrah|Al Khums|Al Kufrah|An Nuqat al Khams|Ash Shati'|Awbari|Az Zawiyah|Banghazi|Darnah|Ghadamis|Gharyan|Misratah|Murzuq|Sabha|Sawfajjin|Surt|Tarabulus|Tarhunah|Tubruq|Yafran|Zlitan"
    },
    {
        "name": "Liechtenstein",
        "code": "LI",
        "group": "secondary",
        "states": "Balzers|Eschen|Gamprin|Mauren|Planken|Ruggell|Schaan|Schellenberg|Triesen|Triesenberg|Vaduz"
    },
    {
        "name": "Lithuania",
        "code": "LT",
        "group": "secondary",
        "states": "Akmenes Rajonas|Alytaus Rajonas|Alytus|Anyksciu Rajonas|Birstonas|Birzu Rajonas|Druskininkai|Ignalinos Rajonas|Jonavos Rajonas|Joniskio Rajonas|Jurbarko Rajonas|Kaisiadoriu Rajonas|Kaunas|Kauno Rajonas|Kedainiu Rajonas|Kelmes Rajonas|Klaipeda|Klaipedos Rajonas|Kretingos Rajonas|Kupiskio Rajonas|Lazdiju Rajonas|Marijampole|Marijampoles Rajonas|Mazeikiu Rajonas|Moletu Rajonas|Neringa Pakruojo Rajonas|Palanga|Panevezio Rajonas|Panevezys|Pasvalio Rajonas|Plunges Rajonas|Prienu Rajonas|Radviliskio Rajonas|Raseiniu Rajonas|Rokiskio Rajonas|Sakiu Rajonas|Salcininku Rajonas|Siauliai|Siauliu Rajonas|Silales Rajonas|Silutes Rajonas|Sirvintu Rajonas|Skuodo Rajonas|Svencioniu Rajonas|Taurages Rajonas|Telsiu Rajonas|Traku Rajonas|Ukmerges Rajonas|Utenos Rajonas|Varenos Rajonas|Vilkaviskio Rajonas|Vilniaus Rajonas|Vilnius|Zarasu Rajonas"
    },
    {
        "name": "Luxembourg",
        "code": "LU",
        "group": "secondary",
        "states": "Diekirch|Grevenmacher|Luxembourg"
    },
    {
        "name": "Macao",
        "code": "MO",
        "group": "secondary",
        "states": "Macau"
    },
    {
        "name": "Macedonia",
        "code": "MK",
        "group": "secondary",
        "states": "Aracinovo|Bac|Belcista|Berovo|Bistrica|Bitola|Blatec|Bogdanci|Bogomila|Bogovinje|Bosilovo|Brvenica|Cair (Skopje)|Capari|Caska|Cegrane|Centar (Skopje)|Centar Zupa|Cesinovo|Cucer-Sandevo|Debar|Delcevo|Delogozdi|Demir Hisar|Demir Kapija|Dobrusevo|Dolna Banjica|Dolneni|Dorce Petrov (Skopje)|Drugovo|Dzepciste|Gazi Baba (Skopje)|Gevgelija|Gostivar|Gradsko|Ilinden|Izvor|Jegunovce|Kamenjane|Karbinci|Karpos (Skopje)|Kavadarci|Kicevo|Kisela Voda (Skopje)|Klecevce|Kocani|Konce|Kondovo|Konopiste|Kosel|Kratovo|Kriva Palanka|Krivogastani|Krusevo|Kuklis|Kukurecani|Kumanovo|Labunista|Lipkovo|Lozovo|Lukovo|Makedonska Kamenica|Makedonski Brod|Mavrovi Anovi|Meseista|Miravci|Mogila|Murtino|Negotino|Negotino-Poloska|Novaci|Novo Selo|Oblesevo|Ohrid|Orasac|Orizari|Oslomej|Pehcevo|Petrovec|Plasnia|Podares|Prilep|Probistip|Radovis|Rankovce|Resen|Rosoman|Rostusa|Samokov|Saraj|Sipkovica|Sopiste|Sopotnika|Srbinovo|Star Dojran|Staravina|Staro Nagoricane|Stip|Struga|Strumica|Studenicani|Suto Orizari (Skopje)|Sveti Nikole|Tearce|Tetovo|Topolcani|Valandovo|Vasilevo|Veles|Velesta|Vevcani|Vinica|Vitoliste|Vranestica|Vrapciste|Vratnica|Vrutok|Zajas|Zelenikovo|Zileno|Zitose|Zletovo|Zrnovci"
    },
    {
        "name": "Madagascar",
        "code": "MG",
        "group": "secondary",
        "states": "Antananarivo|Antsiranana|Fianarantsoa|Mahajanga|Toamasina|Toliara"
    },
    {
        "name": "Malawi",
        "code": "MW",
        "group": "secondary",
        "states": "Balaka|Blantyre|Chikwawa|Chiradzulu|Chitipa|Dedza|Dowa|Karonga|Kasungu|Likoma|Lilongwe|Machinga (Kasupe)|Mangochi|Mchinji|Mulanje|Mwanza|Mzimba|Nkhata Bay|Nkhotakota|Nsanje|Ntcheu|Ntchisi|Phalombe|Rumphi|Salima|Thyolo|Zomba"
    },
    {
        "name": "Malaysia",
        "code": "MY",
        "group": "secondary",
        "states": "Johor|Kedah|Kelantan|Labuan|Melaka|Negeri Sembilan|Pahang|Perak|Perlis|Pulau Pinang|Sabah|Sarawak|Selangor|Terengganu|Wilayah Persekutuan"
    },
    {
        "name": "Maldives",
        "code": "MV",
        "group": "secondary",
        "states": "Alifu|Baa|Dhaalu|Faafu|Gaafu Alifu|Gaafu Dhaalu|Gnaviyani|Haa Alifu|Haa Dhaalu|Kaafu|Laamu|Lhaviyani|Maale|Meemu|Noonu|Raa|Seenu|Shaviyani|Thaa|Vaavu"
    },
    {
        "name": "Mali",
        "code": "ML",
        "group": "secondary",
        "states": "Gao|Kayes|Kidal|Koulikoro|Mopti|Segou|Sikasso|Tombouctou"
    },
    {
        "name": "Malta",
        "code": "MT",
        "group": "secondary",
        "states": "Valletta"
    },
    {
        "name": "Marshall Islands",
        "code": "MH",
        "group": "secondary",
        "states": "Ailinginae|Ailinglaplap|Ailuk|Arno|Aur|Bikar|Bikini|Bokak|Ebon|Enewetak|Erikub|Jabat|Jaluit|Jemo|Kili|Kwajalein|Lae|Lib|Likiep|Majuro|Maloelap|Mejit|Mili|Namorik|Namu|Rongelap|Rongrik|Toke|Ujae|Ujelang|Utirik|Wotho|Wotje"
    },
    {
        "name": "Martinique",
        "code": "MQ",
        "group": "secondary",
        "states": "Martinique"
    },
    {
        "name": "Mauritania",
        "code": "MR",
        "group": "secondary",
        "states": "Adrar|Assaba|Brakna|Dakhlet Nouadhibou|Gorgol|Guidimaka|Hodh Ech Chargui|Hodh El Gharbi|Inchiri|Nouakchott|Tagant|Tiris Zemmour|Trarza"
    },
    {
        "name": "Mauritius",
        "code": "MU",
        "group": "secondary",
        "states": "Agalega Islands|Black River|Cargados Carajos Shoals|Flacq|Grand Port|Moka|Pamplemousses|Plaines Wilhems|Port Louis|Riviere du Rempart|Rodrigues|Savanne"
    },
    {
        "name": "Mayotte",
        "code": "YT",
        "group": "secondary",
        "states": "Mayotte"
    },
    {
        "name": "Mexico",
        "code": "MX",
        "group": "secondary",
        "states": "Aguascalientes|Baja California|Baja California Sur|Campeche|Chiapas|Chihuahua|Coahuila de Zaragoza|Colima|Distrito Federal|Durango|Guanajuato|Guerrero|Hidalgo|Jalisco|Mexico|Michoacan de Ocampo|Morelos|Nayarit|Nuevo Leon|Oaxaca|Puebla|Queretaro de Arteaga|Quintana Roo|San Luis Potosi|Sinaloa|Sonora|Tabasco|Tamaulipas|Tlaxcala|Veracruz-Llave|Yucatan|Zacatecas"
    },
    {
        "name": "Micronesia, Federated States Of",
        "code": "FM",
        "group": "secondary",
        "states": "Chuuk (Truk)|Kosrae|Pohnpei|Yap"
    },
    {
        "name": "Midway Islands",
        "code": "UM",
        "group": "secondary",
        "states": "Midway Islands"
    },
    {
        "name": "Moldova",
        "code": "MD",
        "group": "secondary",
        "states": "Balti|Cahul|Chisinau|Chisinau|Dubasari|Edinet|Gagauzia|Lapusna|Orhei|Soroca|Tighina|Ungheni"
    },
    {
        "name": "Monaco",
        "code": "MC",
        "group": "secondary",
        "states": "Fontvieille|La Condamine|Monaco-Ville|Monte-Carlo"
    },
    {
        "name": "Mongolia",
        "code": "MN",
        "group": "secondary",
        "states": "Arhangay|Bayan-Olgiy|Bayanhongor|Bulgan|Darhan|Dornod|Dornogovi|Dundgovi|Dzavhan|Erdenet|Govi-Altay|Hentiy|Hovd|Hovsgol|Omnogovi|Ovorhangay|Selenge|Suhbaatar|Tov|Ulaanbaatar|Uvs"
    },
    {
        "name": "Montenegro",
        "code": "ME",
        "group": "secondary",
        "states": ""
    },
    {
        "name": "Montserrat",
        "code": "MS",
        "group": "secondary",
        "states": "Saint Anthony|Saint Georges|Saint Peter's"
    },
    {
        "name": "Morocco",
        "code": "MA",
        "group": "secondary",
        "states": "Agadir|Al Hoceima|Azilal|Ben Slimane|Beni Mellal|Boulemane|Casablanca|Chaouen|El Jadida|El Kelaa des Srarhna|Er Rachidia|Essaouira|Fes|Figuig|Guelmim|Ifrane|Kenitra|Khemisset|Khenifra|Khouribga|Laayoune|Larache|Marrakech|Meknes|Nador|Ouarzazate|Oujda|Rabat-Sale|Safi|Settat|Sidi Kacem|Tan-Tan|Tanger|Taounate|Taroudannt|Tata|Taza|Tetouan|Tiznit"
    },
    {
        "name": "Mozambique",
        "code": "MZ",
        "group": "secondary",
        "states": "Cabo Delgado|Gaza|Inhambane|Manica|Maputo|Nampula|Niassa|Sofala|Tete|Zambezia"
    },
    {
        "name": "Myanmar",
        "code": "MM",
        "group": "secondary",
        "states": ""
    },
    {
        "name": "Namibia",
        "code": "NA",
        "group": "secondary",
        "states": "Caprivi|Erongo|Hardap|Karas|Khomas|Kunene|Ohangwena|Okavango|Omaheke|Omusati|Oshana|Oshikoto|Otjozondjupa"
    },
    {
        "name": "Nauru",
        "code": "NR",
        "group": "secondary",
        "states": "Aiwo|Anabar|Anetan|Anibare|Baiti|Boe|Buada|Denigomodu|Ewa|Ijuw|Meneng|Nibok|Uaboe|Yaren"
    },
    {
        "name": "Nepal",
        "code": "NP",
        "group": "secondary",
        "states": "Bagmati|Bheri|Dhawalagiri|Gandaki|Janakpur|Karnali|Kosi|Lumbini|Mahakali|Mechi|Narayani|Rapti|Sagarmatha|Seti"
    },
    {
        "name": "Netherlands",
        "code": "NL",
        "group": "secondary",
        "states": "Drenthe|Flevoland|Friesland|Gelderland|Groningen|Limburg|Noord-Brabant|Noord-Holland|Overijssel|Utrecht|Zeeland|Zuid-Holland"
    },
    {
        "name": "Netherlands Antilles",
        "code": "AN",
        "group": "secondary",
        "states": "Netherlands Antilles"
    },
    {
        "name": "New Caledonia",
        "code": "NC",
        "group": "secondary",
        "states": "Iles Loyaute|Nord|Sud"
    },
    {
        "name": "New Zealand",
        "code": "NZ",
        "group": "secondary",
        "states": "Northland|Auckland|Waikato|Bay of Plenty|Gisborne|Hawke's Bay|Taranaki|Manawatu-Wanganui|Wellington|Tasman|Nelson|Marlborough|West Coast|Canterbury|Otago|Southland"
    },
    {
        "name": "Nicaragua",
        "code": "NI",
        "group": "secondary",
        "states": "Atlantico Norte|Atlantico Sur|Boaco|Carazo|Chinandega|Chontales|Esteli|Granada|Jinotega|Leon|Madriz|Managua|Masaya|Matagalpa|Nueva Segovia|Rio San Juan|Rivas"
    },
    {
        "name": "Niger",
        "code": "NE",
        "group": "secondary",
        "states": "Agadez|Diffa|Dosso|Maradi|Niamey|Tahoua|Tillaberi|Zinder"
    },
    {
        "name": "Nigeria",
        "code": "NG",
        "group": "secondary",
        "states": "Abia|Abuja Federal Capital Territory|Adamawa|Akwa Ibom|Anambra|Bauchi|Bayelsa|Benue|Borno|Cross River|Delta|Ebonyi|Edo|Ekiti|Enugu|Gombe|Imo|Jigawa|Kaduna|Kano|Katsina|Kebbi|Kogi|Kwara|Lagos|Nassarawa|Niger|Ogun|Ondo|Osun|Oyo|Plateau|Rivers|Sokoto|Taraba|Yobe|Zamfara"
    },
    {
        "name": "Niue",
        "code": "NU",
        "group": "secondary",
        "states": "Niue"
    },
    {
        "name": "Norfolk Island",
        "code": "NF",
        "group": "secondary",
        "states": "Norfolk Island"
    },
    {
        "name": "Northern Mariana Islands",
        "code": "MP",
        "group": "secondary",
        "states": "Northern Islands|Rota|Saipan|Tinian"
    },
    {
        "name": "Norway",
        "code": "NO",
        "group": "secondary",
        "states": "Akershus|Aust-Agder|Buskerud|Finnmark|Hedmark|Hordaland|More og Romsdal|Nord-Trondelag|Nordland|Oppland|Oslo|Ostfold|Rogaland|Sogn og Fjordane|Sor-Trondelag|Telemark|Troms|Vest-Agder|Vestfold"
    },
    {
        "name": "Oman",
        "code": "OM",
        "group": "secondary",
        "states": "Ad Dakhiliyah|Al Batinah|Al Wusta|Ash Sharqiyah|Az Zahirah|Masqat|Musandam|Zufar"
    },
    {
        "name": "Pakistan",
        "code": "PK",
        "group": "secondary",
        "states": "Balochistan|Federally Administered Tribal Areas|Islamabad Capital Territory|Khayber Pakhtunkhwa|Punjab|Sindh"
    },
    {
        "name": "Palau",
        "code": "PW",
        "group": "secondary",
        "states": "Aimeliik|Airai|Angaur|Hatobohei|Kayangel|Koror|Melekeok|Ngaraard|Ngarchelong|Ngardmau|Ngatpang|Ngchesar|Ngeremlengui|Ngiwal|Palau Island|Peleliu|Sonsoral|Tobi"
    },
    {
        "name": "Palestine",
        "code": "PS",
        "group": "secondary",
        "states": ""
    },
    {
        "name": "Panama",
        "code": "PA",
        "group": "secondary",
        "states": "Bocas del Toro|Chiriqui|Cocle|Colon|Darien|Herrera|Los Santos|Panama|San Blas|Veraguas"
    },
    {
        "name": "Papua New Guinea",
        "code": "PG",
        "group": "secondary",
        "states": "Bougainville|Central|Chimbu|East New Britain|East Sepik|Eastern Highlands|Enga|Gulf|Madang|Manus|Milne Bay|Morobe|National Capital|New Ireland|Northern|Sandaun|Southern Highlands|West New Britain|Western|Western Highlands"
    },
    {
        "name": "Paraguay",
        "code": "PY",
        "group": "secondary",
        "states": "Alto Paraguay|Alto Parana|Amambay|Asuncion (city)|Boqueron|Caaguazu|Caazapa|Canindeyu|Central|Concepcion|Cordillera|Guaira|Itapua|Misiones|Neembucu|Paraguari|Presidente Hayes|San Pedro"
    },
    {
        "name": "Peru",
        "code": "PE",
        "group": "secondary",
        "states": "Amazonas|Ancash|Apurimac|Arequipa|Ayacucho|Cajamarca|Callao|Cusco|Huancavelica|Huanuco|Ica|Junin|La Libertad|Lambayeque|Lima|Loreto|Madre de Dios|Moquegua|Pasco|Piura|Puno|San Martin|Tacna|Tumbes|Ucayali"
    },
    {
        "name": "Philippines",
        "code": "PH",
        "group": "secondary",
        "states": "Abra|Agusan del Norte|Agusan del Sur|Aklan|Albay|Angeles|Antique|Aurora|Bacolod|Bago|Baguio|Bais|Basilan|Basilan City|Bataan|Batanes|Batangas|Batangas City|Benguet|Bohol|Bukidnon|Bulacan|Butuan|Cabanatuan|Cadiz|Cagayan|Cagayan de Oro|Calbayog|Caloocan|Camarines Norte|Camarines Sur|Camiguin|Canlaon|Capiz|Catanduanes|Cavite|Cavite City|Cebu|Cebu City|Cotabato|Dagupan|Danao|Dapitan|Davao City Davao|Davao del Sur|Davao Oriental|Dipolog|Dumaguete|Eastern Samar|General Santos|Gingoog|Ifugao|Iligan|Ilocos Norte|Ilocos Sur|Iloilo|Iloilo City|Iriga|Isabela|Kalinga-Apayao|La Carlota|La Union|Laguna|Lanao del Norte|Lanao del Sur|Laoag|Lapu-Lapu|Legaspi|Leyte|Lipa|Lucena|Maguindanao|Mandaue|Manila|Marawi|Marinduque|Masbate|Mindoro Occidental|Mindoro Oriental|Misamis Occidental|Misamis Oriental|Mountain|Naga|Negros Occidental|Negros Oriental|North Cotabato|Northern Samar|Nueva Ecija|Nueva Vizcaya|Olongapo|Ormoc|Oroquieta|Ozamis|Pagadian|Palawan|Palayan|Pampanga|Pangasinan|Pasay|Puerto Princesa|Quezon|Quezon City|Quirino|Rizal|Romblon|Roxas|Samar|San Carlos (in Negros Occidental)|San Carlos (in Pangasinan)|San Jose|San Pablo|Silay|Siquijor|Sorsogon|South Cotabato|Southern Leyte|Sultan Kudarat|Sulu|Surigao|Surigao del Norte|Surigao del Sur|Tacloban|Tagaytay|Tagbilaran|Tangub|Tarlac|Tawitawi|Toledo|Trece Martires|Zambales|Zamboanga|Zamboanga del Norte|Zamboanga del Sur"
    },
    {
        "name": "Pitcairn",
        "code": "PN",
        "group": "secondary",
        "states": "Pitcaim Islands"
    },
    {
        "name": "Poland",
        "code": "PL",
        "group": "secondary",
        "states": "Dolnoslaskie|Kujawsko-Pomorskie|Lodzkie|Lubelskie|Lubuskie|Malopolskie|Mazowieckie|Opolskie|Podkarpackie|Podlaskie|Pomorskie|Slaskie|Swietokrzyskie|Warminsko-Mazurskie|Wielkopolskie|Zachodniopomorskie"
    },
    {
        "name": "Portugal",
        "code": "PT",
        "group": "secondary",
        "states": "Acores (Azores)|Aveiro|Beja|Braga|Braganca|Castelo Branco|Coimbra|Evora|Faro|Guarda|Leiria|Lisboa|Madeira|Portalegre|Porto|Santarem|Setubal|Viana do Castelo|Vila Real|Viseu"
    },
    {
        "name": "Puerto Rico",
        "code": "PR",
        "group": "secondary",
        "states": "Adjuntas|Aguada|Aguadilla|Aguas Buenas|Aibonito|Anasco|Arecibo|Arroyo|Barceloneta|Barranquitas|Bayamon|Cabo Rojo|Caguas|Camuy|Canovanas|Carolina|Catano|Cayey|Ceiba|Ciales|Cidra|Coamo|Comerio|Corozal|Culebra|Dorado|Fajardo|Florida|Guanica|Guayama|Guayanilla|Guaynabo|Gurabo|Hatillo|Hormigueros|Humacao|Isabela|Jayuya|Juana Diaz|Juncos|Lajas|Lares|Las Marias|Las Piedras|Loiza|Luquillo|Manati|Maricao|Maunabo|Mayaguez|Moca|Morovis|Naguabo|Naranjito|Orocovis|Patillas|Penuelas|Ponce|Quebradillas|Rincon|Rio Grande|Sabana Grande|Salinas|San German|San Juan|San Lorenzo|San Sebastian|Santa Isabel|Toa Alta|Toa Baja|Trujillo Alto|Utuado|Vega Alta|Vega Baja|Vieques|Villalba|Yabucoa|Yauco"
    },
    {
        "name": "Qatar",
        "code": "QA",
        "group": "secondary",
        "states": "Ad Dawhah|Al Ghuwayriyah|Al Jumayliyah|Al Khawr|Al Wakrah|Ar Rayyan|Jarayan al Batinah|Madinat ash Shamal|Umm Salal"
    },
    {
        "name": "Reunion",
        "code": "RE",
        "group": "secondary",
        "states": "Reunion"
    },
    {
        "name": "Romania",
        "code": "RO",
        "group": "secondary",
        "states": "Alba|Arad|Arges|Bacau|Bihor|Bistrita-Nasaud|Botosani|Braila|Brasov|Bucuresti|Buzau|Calarasi|Caras-Severin|Cluj|Constanta|Covasna|Dimbovita|Dolj|Galati|Giurgiu|Gorj|Harghita|Hunedoara|Ialomita|Iasi|Maramures|Mehedinti|Mures|Neamt|Olt|Prahova|Salaj|Satu Mare|Sibiu|Suceava|Teleorman|Timis|Tulcea|Vaslui|Vilcea|Vrancea"
    },
    {
        "name": "Russia",
        "code": "RU",
        "group": "secondary",
        "states": "Adygeya (Maykop)|Aginskiy Buryatskiy (Aginskoye)|Altay (Gorno-Altaysk)|Altayskiy (Barnaul)|Amurskaya (Blagoveshchensk)|Arkhangel'skaya|Astrakhanskaya|Bashkortostan (Ufa)|Belgorodskaya|Bryanskaya|Buryatiya (Ulan-Ude)|Chechnya (Groznyy)|Chelyabinskaya|Chitinskaya|Chukotskiy (Anadyr')|Chuvashiya (Cheboksary)|Dagestan (Makhachkala)|Evenkiyskiy (Tura)|Ingushetiya (Nazran')|Irkutskaya|Ivanovskaya|Kabardino-Balkariya (Nal'chik)|Kaliningradskaya|Kalmykiya (Elista)|Kaluzhskaya|Kamchatskaya (Petropavlovsk-Kamchatskiy)|Karachayevo-Cherkesiya (Cherkessk)|Kareliya (Petrozavodsk)|Kemerovskaya|Khabarovskiy|Khakasiya (Abakan)|Khanty-Mansiyskiy (Khanty-Mansiysk)|Kirovskaya|Komi (Syktyvkar)|Komi-Permyatskiy (Kudymkar)|Koryakskiy (Palana)|Kostromskaya|Krasnodarskiy|Krasnoyarskiy|Kurganskaya|Kurskaya|Leningradskaya|Lipetskaya|Magadanskaya|Mariy-El (Yoshkar-Ola)|Mordoviya (Saransk)|Moskovskaya|Moskva (Moscow)|Murmanskaya|Nenetskiy (Nar'yan-Mar)|Nizhegorodskaya|Novgorodskaya|Novosibirskaya|Omskaya|Orenburgskaya|Orlovskaya (Orel)|Penzenskaya|Permskaya|Primorskiy (Vladivostok)|Pskovskaya|Rostovskaya|Ryazanskaya|Sakha (Yakutsk)|Sakhalinskaya (Yuzhno-Sakhalinsk)|Samarskaya|Sankt-Peterburg (Saint Petersburg)|Saratovskaya|Severnaya Osetiya-Alaniya [North Ossetia] (Vladikavkaz)|Smolenskaya|Stavropol'skiy|Sverdlovskaya (Yekaterinburg)|Tambovskaya|Tatarstan (Kazan')|Taymyrskiy (Dudinka)|Tomskaya|Tul'skaya|Tverskaya|Tyumenskaya|Tyva (Kyzyl)|Udmurtiya (Izhevsk)|Ul'yanovskaya|Ust'-Ordynskiy Buryatskiy (Ust'-Ordynskiy)|Vladimirskaya|Volgogradskaya|Vologodskaya|Voronezhskaya|Yamalo-Nenetskiy (Salekhard)|Yaroslavskaya|Yevreyskaya"
    },
    {
        "name": "Rwanda",
        "code": "RW",
        "group": "secondary",
        "states": "Butare|Byumba|Cyangugu|Gikongoro|Gisenyi|Gitarama|Kibungo|Kibuye|Kigali Rurale|Kigali-ville|Ruhengeri|Umutara"
    },
    {
        "name": "Saint Barthelemy",
        "code": "BL",
        "group": "secondary",
        "states": ""
    },
    {
        "name": "Saint Helena",
        "code": "SH",
        "group": "secondary",
        "states": "Ascension|Saint Helena|Tristan da Cunha"
    },
    {
        "name": "Saint Kitts And Nevi",
        "code": "KN",
        "group": "secondary",
        "states": "Christ Church Nichola Town|Saint Anne Sandy Point|Saint George Basseterre|Saint George Gingerland|Saint James Windward|Saint John Capisterre|Saint John Figtree|Saint Mary Cayon|Saint Paul Capisterre|Saint Paul Charlestown|Saint Peter Basseterre|Saint Thomas Lowland|Saint Thomas Middle Island|Trinity Palmetto Point"
    },
    {
        "name": "Saint Lucia",
        "code": "LC",
        "group": "secondary",
        "states": "Anse-la-Raye|Castries|Choiseul|Dauphin|Dennery|Gros Islet|Laborie|Micoud|Praslin|Soufriere|Vieux Fort"
    },
    {
        "name": "Saint Martin",
        "code": "MF",
        "group": "secondary",
        "states": ""
    },
    {
        "name": "Saint Pierre And Miquelon",
        "code": "PM",
        "group": "secondary",
        "states": "Miquelon|Saint Pierre"
    },
    {
        "name": "Saint Vincent And Grenadines",
        "code": "VC",
        "group": "secondary",
        "states": "Charlotte|Grenadines|Saint Andrew|Saint David|Saint George|Saint Patrick"
    },
    {
        "name": "Samoa",
        "code": "WS",
        "group": "secondary",
        "states": "A'ana|Aiga-i-le-Tai|Atua|Fa'asaleleaga|Gaga'emauga|Gagaifomauga|Palauli|Satupa'itea|Tuamasaga|Va'a-o-Fonoti|Vaisigano"
    },
    {
        "name": "San Marino",
        "code": "SM",
        "group": "secondary",
        "states": "Acquaviva|Borgo Maggiore|Chiesanuova|Domagnano|Faetano|Fiorentino|Monte Giardino|San Marino|Serravalle"
    },
    {
        "name": "Sao Tome And Principe",
        "code": "ST",
        "group": "secondary",
        "states": "Principe|Sao Tome"
    },
    {
        "name": "Saudi Arabia",
        "code": "SA",
        "group": "secondary",
        "states": "'Asir|Al Bahah|Al Hudud ash Shamaliyah|Al Jawf|Al Madinah|Al Qasim|Ar Riyad|Ash Sharqiyah (Eastern Province)|Ha'il|Jizan|Makkah|Najran|Tabuk"
    },
    {
        "name": "Scotland",
        "code": "ST",
        "group": "secondary",
        "states": "Aberdeen City|Aberdeenshire|Angus|Argyll and Bute|City of Edinburgh|Clackmannanshire|Dumfries and Galloway|Dundee City|East Ayrshire|East Dunbartonshire|East Lothian|East Renfrewshire|Eilean Siar (Western Isles)|Falkirk|Fife|Glasgow City|Highland|Inverclyde|Midlothian|Moray|North Ayrshire|North Lanarkshire|Orkney Islands|Perth and Kinross|Renfrewshire|Shetland Islands|South Ayrshire|South Lanarkshire|Stirling|The Scottish Borders|West Dunbartonshire|West Lothian"
    },
    {
        "name": "Senegal",
        "code": "SN",
        "group": "secondary",
        "states": "Dakar|Diourbel|Fatick|Kaolack|Kolda|Louga|Saint-Louis|Tambacounda|Thies|Ziguinchor"
    },
    {
        "name": "Seychelles",
        "code": "SC",
        "group": "secondary",
        "states": "Anse aux Pins|Anse Boileau|Anse Etoile|Anse Louis|Anse Royale|Baie Lazare|Baie Sainte Anne|Beau Vallon|Bel Air|Bel Ombre|Cascade|Glacis|Grand' Anse (on Mahe)|Grand' Anse (on Praslin)|La Digue|La Riviere Anglaise|Mont Buxton|Mont Fleuri|Plaisance|Pointe La Rue|Port Glaud|Saint Louis|Takamaka"
    },
    {
        "name": "Sierra Leone",
        "code": "SL",
        "group": "secondary",
        "states": "Eastern|Northern|Southern|Western"
    },
    {
        "name": "Singapore",
        "code": "SG",
        "group": "secondary",
        "states": "Singapore"
    },
    {
        "name": "Slovakia",
        "code": "SK",
        "group": "secondary",
        "states": "Banskobystricky|Bratislavsky|Kosicky|Nitriansky|Presovsky|Trenciansky|Trnavsky|Zilinsky"
    },
    {
        "name": "Slovenia",
        "code": "SI",
        "group": "secondary",
        "states": "Ajdovscina|Beltinci|Bled|Bohinj|Borovnica|Bovec|Brda|Brezice|Brezovica|Cankova-Tisina|Celje|Cerklje na Gorenjskem|Cerknica|Cerkno|Crensovci|Crna na Koroskem|Crnomelj|Destrnik-Trnovska Vas|Divaca|Dobrepolje|Dobrova-Horjul-Polhov Gradec|Dol pri Ljubljani|Domzale|Dornava|Dravograd|Duplek|Gorenja Vas-Poljane|Gorisnica|Gornja Radgona|Gornji Grad|Gornji Petrovci|Grosuplje|Hodos Salovci|Hrastnik|Hrpelje-Kozina|Idrija|Ig|Ilirska Bistrica|Ivancna Gorica|Izola|Jesenice|Jursinci|Kamnik|Kanal|Kidricevo|Kobarid|Kobilje|Kocevje|Komen|Koper|Kozje|Kranj|Kranjska Gora|Krsko|Kungota|Kuzma|Lasko|Lenart|Lendava|Litija|Ljubljana|Ljubno|Ljutomer|Logatec|Loska Dolina|Loski Potok|Luce|Lukovica|Majsperk|Maribor|Medvode|Menges|Metlika|Mezica|Miren-Kostanjevica|Mislinja|Moravce|Moravske Toplice|Mozirje|Murska Sobota|Muta|Naklo|Nazarje|Nova Gorica|Novo Mesto|Odranci|Ormoz|Osilnica|Pesnica|Piran|Pivka|Podcetrtek|Podvelka-Ribnica|Postojna|Preddvor|Ptuj|Puconci|Race-Fram|Radece|Radenci|Radlje ob Dravi|Radovljica|Ravne-Prevalje|Ribnica|Rogasevci|Rogaska Slatina|Rogatec|Ruse|Semic|Sencur|Sentilj|Sentjernej|Sentjur pri Celju|Sevnica|Sezana|Skocjan|Skofja Loka|Skofljica|Slovenj Gradec|Slovenska Bistrica|Slovenske Konjice|Smarje pri Jelsah|Smartno ob Paki|Sostanj|Starse|Store|Sveti Jurij|Tolmin|Trbovlje|Trebnje|Trzic|Turnisce|Velenje|Velike Lasce|Videm|Vipava|Vitanje|Vodice|Vojnik|Vrhnika|Vuzenica|Zagorje ob Savi|Zalec|Zavrc|Zelezniki|Ziri|Zrece"
    },
    {
        "name": "Solomon Islands",
        "code": "SB",
        "group": "secondary",
        "states": "Bellona|Central|Choiseul (Lauru)|Guadalcanal|Honiara|Isabel|Makira|Malaita|Rennell|Temotu|Western"
    },
    {
        "name": "Somalia",
        "code": "SO",
        "group": "secondary",
        "states": "Awdal|Bakool|Banaadir|Bari|Bay|Galguduud|Gedo|Hiiraan|Jubbada Dhexe|Jubbada Hoose|Mudug|Nugaal|Sanaag|Shabeellaha Dhexe|Shabeellaha Hoose|Sool|Togdheer|Woqooyi Galbeed"
    },
    {
        "name": "South Africa",
        "code": "ZA",
        "group": "secondary",
        "states": "Eastern Cape|Free State|Gauteng|KwaZulu-Natal|Mpumalanga|North-West|Northern Cape|Northern Province|Western Cape"
    },
    {
        "name": "South Georgia And Sandwich Isl.",
        "code": "GS",
        "group": "secondary",
        "states": "Bird Island|Bristol Island|Clerke Rocks|Montagu Island|Saunders Island|South Georgia|Southern Thule|Traversay Islands"
    },
    {
        "name": "Spain",
        "code": "ES",
        "group": "secondary",
        "states": "Andalucia|Aragon|Asturias|Baleares (Balearic Islands)|Canarias (Canary Islands)|Cantabria|Castilla y Leon|Castilla-La Mancha|Cataluna|Ceuta|Communidad Valencian|Extremadura|Galicia|Islas Chafarinas|La Rioja|Madrid|Melilla|Murcia|Navarra|Pais Vasco (Basque Country)|Penon de Alhucemas|Penon de Velez de la Gomera"
    },
    {
        "name": "Spratly Islands",
        "code": "PS",
        "group": "secondary",
        "states": "Spratly Islands"
    },
    {
        "name": "Sri Lanka",
        "code": "LK",
        "group": "secondary",
        "states": "Central|Eastern|North Central|North Eastern|North Western|Northern|Sabaragamuwa|Southern|Uva|Western"
    },
    {
        "name": "Sudan",
        "code": "SD",
        "group": "secondary",
        "states": "A'ali an Nil|Al Bahr al Ahmar|Al Buhayrat|Al Jazirah|Al Khartum|Al Qadarif|Al Wahdah|An Nil al Abyad|An Nil al Azraq|Ash Shamaliyah|Bahr al Jabal|Gharb al Istiwa'iyah|Gharb Bahr al Ghazal|Gharb Darfur|Gharb Kurdufan|Janub Darfur|Janub Kurdufan|Junqali|Kassala|Nahr an Nil|Shamal Bahr al Ghazal|Shamal Darfur|Shamal Kurdufan|Sharq al Istiwa'iyah|Sinnar|Warab"
    },
    {
        "name": "Suriname",
        "code": "SR",
        "group": "secondary",
        "states": "Brokopondo|Commewijne|Coronie|Marowijne|Nickerie|Para|Paramaribo|Saramacca|Sipaliwini|Wanica"
    },
    {
        "name": "Svalbard",
        "code": "SJ",
        "group": "secondary",
        "states": "Barentsoya|Bjornoya|Edgeoya|Hopen|Kvitoya|Nordaustandet|Prins Karls Forland|Spitsbergen"
    },
    {
        "name": "Swaziland",
        "code": "SZ",
        "group": "secondary",
        "states": "Hhohho|Lubombo|Manzini|Shiselweni"
    },
    {
        "name": "Sweden",
        "code": "SE",
        "group": "secondary",
        "states": "Blekinge|Dalarnas|Gavleborgs|Gotlands|Hallands|Jamtlands|Jonkopings|Kalmar|Kronobergs|Norrbottens|Orebro|Ostergotlands|Skane|Sodermanlands|Stockholms|Uppsala|Varmlands|Vasterbottens|Vasternorrlands|Vastmanlands|Vastra Gotalands"
    },
    {
        "name": "Switzerland",
        "code": "CH",
        "group": "secondary",
        "states": "Aargau|Ausser-Rhoden|Basel-Landschaft|Basel-Stadt|Bern|Fribourg|Geneve|Glarus|Graubunden|Inner-Rhoden|Jura|Luzern|Neuchatel|Nidwalden|Obwalden|Sankt Gallen|Schaffhausen|Schwyz|Solothurn|Thurgau|Ticino|Uri|Valais|Vaud|Zug|Zurich"
    },
    {
        "name": "Syria",
        "code": "SY",
        "group": "secondary",
        "states": "Al Hasakah|Al Ladhiqiyah|Al Qunaytirah|Ar Raqqah|As Suwayda'|Dar'a|Dayr az Zawr|Dimashq|Halab|Hamah|Hims|Idlib|Rif Dimashq|Tartus"
    },
    {
        "name": "Taiwan",
        "code": "TW",
        "group": "secondary",
        "states": "Chang-hua|Chi-lung|Chia-i|Chia-i|Chung-hsing-hsin-ts'un|Hsin-chu|Hsin-chu|Hua-lien|I-lan|Kao-hsiung|Kao-hsiung|Miao-li|Nan-t'ou|P'eng-hu|P'ing-tung|T'ai-chung|T'ai-chung|T'ai-nan|T'ai-nan|T'ai-pei|T'ai-pei|T'ai-tung|T'ao-yuan|Yun-lin"
    },
    {
        "name": "Tajikistan",
        "code": "TJ",
        "group": "secondary",
        "states": "Viloyati Khatlon|Viloyati Leninobod|Viloyati Mukhtori Kuhistoni Badakhshon"
    },
    {
        "name": "Tanzania",
        "code": "TZ",
        "group": "secondary",
        "states": "Arusha|Dar es Salaam|Dodoma|Iringa|Kagera|Kigoma|Kilimanjaro|Lindi|Mara|Mbeya|Morogoro|Mtwara|Mwanza|Pemba North|Pemba South|Pwani|Rukwa|Ruvuma|Shinyanga|Singida|Tabora|Tanga|Zanzibar Central/South|Zanzibar North|Zanzibar Urban/West"
    },
    {
        "name": "Thailand",
        "code": "TH",
        "group": "secondary",
        "states": "Amnat Charoen|Ang Thong|Buriram|Chachoengsao|Chai Nat|Chaiyaphum|Chanthaburi|Chiang Mai|Chiang Rai|Chon Buri|Chumphon|Kalasin|Kamphaeng Phet|Kanchanaburi|Khon Kaen|Krabi|Krung Thep Mahanakhon (Bangkok)|Lampang|Lamphun|Loei|Lop Buri|Mae Hong Son|Maha Sarakham|Mukdahan|Nakhon Nayok|Nakhon Pathom|Nakhon Phanom|Nakhon Ratchasima|Nakhon Sawan|Nakhon Si Thammarat|Nan|Narathiwat|Nong Bua Lamphu|Nong Khai|Nonthaburi|Pathum Thani|Pattani|Phangnga|Phatthalung|Phayao|Phetchabun|Phetchaburi|Phichit|Phitsanulok|Phra Nakhon Si Ayutthaya|Phrae|Phuket|Prachin Buri|Prachuap Khiri Khan|Ranong|Ratchaburi|Rayong|Roi Et|Sa Kaeo|Sakon Nakhon|Samut Prakan|Samut Sakhon|Samut Songkhram|Sara Buri|Satun|Sing Buri|Sisaket|Songkhla|Sukhothai|Suphan Buri|Surat Thani|Surin|Tak|Trang|Trat|Ubon Ratchathani|Udon Thani|Uthai Thani|Uttaradit|Yala|Yasothon"
    },
    {
        "name": "Timor-Leste",
        "code": "TL",
        "group": "secondary",
        "states": "Timor-Leste"
    },
    {
        "name": "Togo",
        "code": "TG",
        "group": "secondary",
        "states": "De La Kara|Des Plateaux|Des Savanes|Du Centre|Maritime"
    },
    {
        "name": "Tokelau",
        "code": "TK",
        "group": "secondary",
        "states": "Atafu|Fakaofo|Nukunonu"
    },
    {
        "name": "Tonga",
        "code": "TO",
        "group": "secondary",
        "states": "Ha'apai|Tongatapu|Vava'u"
    },
    {
        "name": "Trinidad And Tobago",
        "code": "TT",
        "group": "secondary",
        "states": "Tobag"
    },
    {
        "name": "Tunisia",
        "code": "TN",
        "group": "secondary",
        "states": "Arima|Caroni|Mayaro|Nariva|Port-of-Spain|Saint Andrew|Saint David|Saint George|Saint Patrick|San Fernando|Victoria"
    },
    {
        "name": "Turkey",
        "code": "TR",
        "group": "secondary",
        "states": "Ariana|Beja|Ben Arous|Bizerte|El Kef|Gabes|Gafsa|Jendouba|Kairouan|Kasserine|Kebili|Mahdia|Medenine|Monastir|Nabeul|Sfax|Sidi Bou Zid|Siliana|Sousse|Tataouine|Tozeur|Tunis|Zaghouan"
    },
    {
        "name": "Turkmenistan",
        "code": "TM",
        "group": "secondary",
        "states": "Adana|Adiyaman|Afyon|Agri|Aksaray|Amasya|Ankara|Antalya|Ardahan|Artvin|Aydin|Balikesir|Bartin|Batman|Bayburt|Bilecik|Bingol|Bitlis|Bolu|Burdur|Bursa|Canakkale|Cankiri|Corum|Denizli|Diyarbakir|Duzce|Edirne|Elazig|Erzincan|Erzurum|Eskisehir|Gaziantep|Giresun|Gumushane|Hakkari|Hatay|Icel|Igdir|Isparta|Istanbul|Izmir|Kahramanmaras|Karabuk|Karaman|Kars|Kastamonu|Kayseri|Kilis|Kirikkale|Kirklareli|Kirsehir|Kocaeli|Konya|Kutahya|Malatya|Manisa|Mardin|Mugla|Mus|Nevsehir|Nigde|Ordu|Osmaniye|Rize|Sakarya|Samsun|Sanliurfa|Siirt|Sinop|Sirnak|Sivas|Tekirdag|Tokat|Trabzon|Tunceli|Usak|Van|Yalova|Yozgat|Zonguldak"
    },
    {
        "name": "Turks And Caicos Islands",
        "code": "TC",
        "group": "secondary",
        "states": "Ahal Welayaty|Balkan Welayaty|Dashhowuz Welayaty|Lebap Welayaty|Mary Welayaty"
    },
    {
        "name": "Tuvalu",
        "code": "TV",
        "group": "secondary",
        "states": "Tuvalu"
    },
    {
        "name": "Uganda",
        "code": "UG",
        "group": "secondary",
        "states": "Adjumani|Apac|Arua|Bugiri|Bundibugyo|Bushenyi|Busia|Gulu|Hoima|Iganga|Jinja|Kabale|Kabarole|Kalangala|Kampala|Kamuli|Kapchorwa|Kasese|Katakwi|Kibale|Kiboga|Kisoro|Kitgum|Kotido|Kumi|Lira|Luwero|Masaka|Masindi|Mbale|Mbarara|Moroto|Moyo|Mpigi|Mubende|Mukono|Nakasongola|Nebbi|Ntungamo|Pallisa|Rakai|Rukungiri|Sembabule|Soroti|Tororo"
    },
    {
        "name": "Ukraine",
        "code": "UA",
        "group": "secondary",
        "states": "Avtonomna Respublika Krym (Simferopol')|Cherkas'ka (Cherkasy)|Chernihivs'ka (Chernihiv)|Chernivets'ka (Chernivtsi)|Dnipropetrovs'ka (Dnipropetrovs'k)|Donets'ka (Donets'k)|Ivano-Frankivs'ka (Ivano-Frankivs'k)|Kharkivs'ka (Kharkiv)|Khersons'ka (Kherson)|Khmel'nyts'ka (Khmel'nyts'kyy)|Kirovohrads'ka (Kirovohrad)|Kyyiv|Kyyivs'ka (Kiev)|L'vivs'ka (L'viv)|Luhans'ka (Luhans'k)|Mykolayivs'ka (Mykolayiv)|Odes'ka (Odesa)|Poltavs'ka (Poltava)|Rivnens'ka (Rivne)|Sevastopol'|Sums'ka (Sumy)|Ternopil's'ka (Ternopil')|Vinnyts'ka (Vinnytsya)|Volyns'ka (Luts'k)|Zakarpats'ka (Uzhhorod)|Zaporiz'ka (Zaporizhzhya)|Zhytomyrs'ka (Zhytomyr)"
    },
    {
        "name": "United Arab Emirates",
        "code": "AE",
        "group": "secondary",
        "states": "'Ajman|Abu Zaby (Abu Dhabi)|Al Fujayrah|Ash Shariqah (Sharjah)|Dubayy (Dubai)|Ra's al Khaymah|Umm al Qaywayn"
    },
    {
        "name": "United States Outlying Islands",
        "code": "UM",
        "group": "secondary",
        "states": "Artigas|Canelones|Cerro Largo|Colonia|Durazno|Flores|Florida|Lavalleja|Maldonado|Montevideo|Paysandu|Rio Negro|Rivera|Rocha|Salto|San Jose|Soriano|Tacuarembo|Treinta y Tres"
    },
    {
        "name": "Uruguay",
        "code": "UY",
        "group": "secondary",
        "states": "Andijon Wiloyati|Bukhoro Wiloyati|Farghona Wiloyati|Jizzakh Wiloyati|Khorazm Wiloyati (Urganch)|Namangan Wiloyati|Nawoiy Wiloyati|Qashqadaryo Wiloyati (Qarshi)|Qoraqalpoghiston (Nukus)|Samarqand Wiloyati|Sirdaryo Wiloyati (Guliston)|Surkhondaryo Wiloyati (Termiz)|Toshkent Shahri|Toshkent Wiloyati"
    },
    {
        "name": "Uzbekistan",
        "code": "UZ",
        "group": "secondary",
        "states": "Malampa|Penama|Sanma|Shefa|Tafea|Torba"
    },
    {
        "name": "Vanuatu",
        "code": "VU",
        "group": "secondary",
        "states": "Amazonas|Anzoategui|Apure|Aragua|Barinas|Bolivar|Carabobo|Cojedes|Delta Amacuro|Dependencias Federales|Distrito Federal|Falcon|Guarico|Lara|Merida|Miranda|Monagas|Nueva Esparta|Portuguesa|Sucre|Tachira|Trujillo|Vargas|Yaracuy|Zulia"
    },
    {
        "name": "Venezuela",
        "code": "VE",
        "group": "secondary",
        "states": "An Giang|Ba Ria-Vung Tau|Bac Giang|Bac Kan|Bac Lieu|Bac Ninh|Ben Tre|Binh Dinh|Binh Duong|Binh Phuoc|Binh Thuan|Ca Mau|Can Tho|Cao Bang|Da Nang|Dac Lak|Dong Nai|Dong Thap|Gia Lai|Ha Giang|Ha Nam|Ha Noi|Ha Tay|Ha Tinh|Hai Duong|Hai Phong|Ho Chi Minh|Hoa Binh|Hung Yen|Khanh Hoa|Kien Giang|Kon Tum|Lai Chau|Lam Dong|Lang Son|Lao Cai|Long An|Nam Dinh|Nghe An|Ninh Binh|Ninh Thuan|Phu Tho|Phu Yen|Quang Binh|Quang Nam|Quang Ngai|Quang Ninh|Quang Tri|Soc Trang|Son La|Tay Ninh|Thai Binh|Thai Nguyen|Thanh Hoa|Thua Thien-Hue|Tien Giang|Tra Vinh|Tuyen Quang|Vinh Long|Vinh Phuc|Yen Bai"
    },
    {
        "name": "Vietnam",
        "code": "VN",
        "group": "secondary",
        "states": "Saint Croix|Saint John|Saint Thomas"
    },
    {
        "name": "Virgin Islands, British",
        "code": "VG",
        "group": "secondary",
        "states": "Blaenau Gwent|Bridgend|Caerphilly|Cardiff|Carmarthenshire|Ceredigion|Conwy|Denbighshire|Flintshire|Gwynedd|Isle of Anglesey|Merthyr Tydfil|Monmouthshire|Neath Port Talbot|Newport|Pembrokeshire|Powys|Rhondda Cynon Taff|Swansea|The Vale of Glamorgan|Torfaen|Wrexham"
    },
    {
        "name": "Virgin Islands, U.S.",
        "code": "VI",
        "group": "secondary",
        "states": "Blaenau Gwent|Bridgend|Caerphilly|Cardiff|Carmarthenshire|Ceredigion|Conwy|Denbighshire|Flintshire|Gwynedd|Isle of Anglesey|Merthyr Tydfil|Monmouthshire|Neath Port Talbot|Newport|Pembrokeshire|Powys|Rhondda Cynon Taff|Swansea|The Vale of Glamorgan|Torfaen|Wrexham"
    },
    {
        "name": "Wallis And Futuna",
        "code": "WF",
        "group": "secondary",
        "states": "Alo|Sigave|Wallis"
    },
    {
        "name": "Western Sahara",
        "code": "EH",
        "group": "secondary",
        "states": "Western Sahara"
    },
    {
        "name": "Yemen",
        "code": "YE",
        "group": "secondary",
        "states": "'Adan|'Ataq|Abyan|Al Bayda'|Al Hudaydah|Al Jawf|Al Mahrah|Al Mahwit|Dhamar|Hadhramawt|Hajjah|Ibb|Lahij|Ma'rib|Sa'dah|San'a'|Ta'izz"
    },
    {
        "name": "Zambia",
        "code": "ZM",
        "group": "secondary",
        "states": "Central|Copperbelt|Eastern|Luapula|Lusaka|North-Western|Northern|Southern|Western"
    },
    {
        "name": "Zimbabwe",
        "code": "ZW",
        "group": "secondary",
        "states": "Bulawayo|Harare|ManicalandMashonaland Central|Mashonaland East|Mashonaland West|Masvingo|Matabeleland North|Matabeleland South|Midlands"
    }
]